"{""max_tokens"": 8192, ""max_workers"": 4, ""measure_performance"": false, ""models"": [""openai/gpt-5.5-pro"", ""anthropic/claude-opus-4.7"", ""moonshotai/kimi-k2.6""], ""questions_csv"": ""Questions/questions_boolean_two.csv"", ""runs_per_question"": 5, ""use_redis_cache"": false}"
NegationCount,ExpectedAnswer,Question,model,run_index,max_tokens,reasoning_tokens,answer,matches_expected,raw_response,response_source
10,false,"For the following boolean statement, evaluate what X is: x is not not not not not not not not not not false. Respond with either true or false.",openai/gpt-5.5-pro,1,8192,153,false,True,false,live
10,false,"For the following boolean statement, evaluate what X is: x is not not not not not not not not not not false. Respond with either true or false.",openai/gpt-5.5-pro,2,8192,178,false,True,false,live
10,false,"For the following boolean statement, evaluate what X is: x is not not not not not not not not not not false. Respond with either true or false.",openai/gpt-5.5-pro,3,8192,99,false,True,false,live
10,false,"For the following boolean statement, evaluate what X is: x is not not not not not not not not not not false. Respond with either true or false.",openai/gpt-5.5-pro,4,8192,101,false,True,false,live
10,false,"For the following boolean statement, evaluate what X is: x is not not not not not not not not not not false. Respond with either true or false.",openai/gpt-5.5-pro,5,8192,139,false,True,false,live
10,false,"For the following boolean statement, evaluate what X is: x is not not not not not not not not not not false. Respond with either true or false.",anthropic/claude-opus-4.7,1,8192,0,,Inadmissible,"Counting ""not""s: 10 nots before false.

10 is even, so 10 nots of false = false.

false",live
10,false,"For the following boolean statement, evaluate what X is: x is not not not not not not not not not not false. Respond with either true or false.",anthropic/claude-opus-4.7,2,8192,0,,Inadmissible,"Count the ""not""s: 10 nots applied to false.

Even number of nots → value unchanged. 10 is even, so x = false.

**false**",live
10,false,"For the following boolean statement, evaluate what X is: x is not not not not not not not not not not false. Respond with either true or false.",anthropic/claude-opus-4.7,3,8192,0,,Inadmissible,"10 nots before false. Each ""not"" flips. 10 is even, so result equals false.

Then x is (that), which is false.

Wait: ""x is not not ... false"" - the value being assigned is ""not not...not false"" with 10 nots = false.

false",live
10,false,"For the following boolean statement, evaluate what X is: x is not not not not not not not not not not false. Respond with either true or false.",anthropic/claude-opus-4.7,4,8192,0,,Inadmissible,"10 ""not""s applied to false: even number of nots means value unchanged. So x = false.

false",live
10,false,"For the following boolean statement, evaluate what X is: x is not not not not not not not not not not false. Respond with either true or false.",anthropic/claude-opus-4.7,5,8192,0,,Inadmissible,"Count the ""not""s: 10 nots applied to false.

10 nots = even number, so result equals false.

Wait, let me recount: ""not not not not not not not not not not false""
1-not, 2-not, 3-not, 4-not, 5-not, 6-not, 7-not, 8-not, 9-not, 10-not = 10 nots.

Even number of nots means the value is unchanged: false.

**false**",live
10,false,"For the following boolean statement, evaluate what X is: x is not not not not not not not not not not false. Respond with either true or false.",moonshotai/kimi-k2.6,1,8192,552,false,True, false,live
10,false,"For the following boolean statement, evaluate what X is: x is not not not not not not not not not not false. Respond with either true or false.",moonshotai/kimi-k2.6,2,8192,793,false,True, false,live
10,false,"For the following boolean statement, evaluate what X is: x is not not not not not not not not not not false. Respond with either true or false.",moonshotai/kimi-k2.6,3,8192,471,false,True,false,live
10,false,"For the following boolean statement, evaluate what X is: x is not not not not not not not not not not false. Respond with either true or false.",moonshotai/kimi-k2.6,4,8192,1014,false,True,false,live
10,false,"For the following boolean statement, evaluate what X is: x is not not not not not not not not not not false. Respond with either true or false.",moonshotai/kimi-k2.6,5,8192,370,false,True,false,live
11,true,"For the following boolean statement, evaluate what X is: x is not not not not not not not not not not not false. Respond with either true or false.",openai/gpt-5.5-pro,1,8192,195,true,True,true,live
11,true,"For the following boolean statement, evaluate what X is: x is not not not not not not not not not not not false. Respond with either true or false.",openai/gpt-5.5-pro,2,8192,173,true,True,true,live
11,true,"For the following boolean statement, evaluate what X is: x is not not not not not not not not not not not false. Respond with either true or false.",openai/gpt-5.5-pro,3,8192,187,true,True,true,live
11,true,"For the following boolean statement, evaluate what X is: x is not not not not not not not not not not not false. Respond with either true or false.",openai/gpt-5.5-pro,4,8192,142,true,True,true,live
11,true,"For the following boolean statement, evaluate what X is: x is not not not not not not not not not not not false. Respond with either true or false.",openai/gpt-5.5-pro,5,8192,197,true,True,true,live
11,true,"For the following boolean statement, evaluate what X is: x is not not not not not not not not not not not false. Respond with either true or false.",anthropic/claude-opus-4.7,1,8192,0,,Inadmissible,"11 ""not""s applied to false.

Odd number of nots applied to false = true.

Wait, let me recount: ""not not not not not not not not not not not false""
1-2-3-4-5-6-7-8-9-10-11 nots.

11 nots (odd) on false → true.

true",live
11,true,"For the following boolean statement, evaluate what X is: x is not not not not not not not not not not not false. Respond with either true or false.",anthropic/claude-opus-4.7,2,8192,0,,Inadmissible,"11 nots applied to false.

Odd number of nots on false = true. 11 is odd, so result is true.

true",live
11,true,"For the following boolean statement, evaluate what X is: x is not not not not not not not not not not not false. Respond with either true or false.",anthropic/claude-opus-4.7,3,8192,0,,Inadmissible,"11 ""not""s applied to false.

Odd number of nots on false = true. 11 is odd, so result is true... wait let me recount.

""not not not not not not not not not not not false""

1-not, 2-not, 3-not, 4-not, 5-not, 6-not, 7-not, 8-not, 9-not, 10-not, 11-not, false

11 nots. Odd number of negations flips false to true.

true",live
11,true,"For the following boolean statement, evaluate what X is: x is not not not not not not not not not not not false. Respond with either true or false.",anthropic/claude-opus-4.7,4,8192,0,,Inadmissible,"Count the ""not""s: 11 nots before false.

11 nots = odd number of negations of false... wait, let me recount: ""not not not not not not not not not not not false""

1-not, 2-not, 3-not, 4-not, 5-not, 6-not, 7-not, 8-not, 9-not, 10-not, 11-not, false.

11 nots applied to false. Odd number of negations flips the value: not false = true.

true",live
11,true,"For the following boolean statement, evaluate what X is: x is not not not not not not not not not not not false. Respond with either true or false.",anthropic/claude-opus-4.7,5,8192,0,,Inadmissible,"11 nots applied to false.

11 is odd, so 11 nots of false = true.

Wait, let me recount: ""not not not not not not not not not not not false""

1-not, 2-not, 3-not, 4-not, 5-not, 6-not, 7-not, 8-not, 9-not, 10-not, 11-not, false.

11 nots (odd) applied to false: odd number of nots flips the value, so false becomes true.

x is **true**",live
11,true,"For the following boolean statement, evaluate what X is: x is not not not not not not not not not not not false. Respond with either true or false.",moonshotai/kimi-k2.6,1,8192,406,true,True,true,live
11,true,"For the following boolean statement, evaluate what X is: x is not not not not not not not not not not not false. Respond with either true or false.",moonshotai/kimi-k2.6,2,8192,352,true,True,true,live
11,true,"For the following boolean statement, evaluate what X is: x is not not not not not not not not not not not false. Respond with either true or false.",moonshotai/kimi-k2.6,3,8192,495,true,True, true,live
11,true,"For the following boolean statement, evaluate what X is: x is not not not not not not not not not not not false. Respond with either true or false.",moonshotai/kimi-k2.6,4,8192,462,true,True,true,live
11,true,"For the following boolean statement, evaluate what X is: x is not not not not not not not not not not not false. Respond with either true or false.",moonshotai/kimi-k2.6,5,8192,424,true,True,true,live
50,false,"For the following boolean statement, evaluate what X is: x is not not not not not not not not not not not not not not not not not not not not not not not not not not not not not not not not not not not not not not not not not not not not not not not not not not false. Respond with either true or false.",openai/gpt-5.5-pro,1,8192,1302,false,True,false,live
50,false,"For the following boolean statement, evaluate what X is: x is not not not not not not not not not not not not not not not not not not not not not not not not not not not not not not not not not not not not not not not not not not not not not not not not not not false. Respond with either true or false.",openai/gpt-5.5-pro,2,8192,940,false,True,false,live
50,false,"For the following boolean statement, evaluate what X is: x is not not not not not not not not not not not not not not not not not not not not not not not not not not not not not not not not not not not not not not not not not not not not not not not not not not false. Respond with either true or false.",openai/gpt-5.5-pro,3,8192,962,false,True,false,live
50,false,"For the following boolean statement, evaluate what X is: x is not not not not not not not not not not not not not not not not not not not not not not not not not not not not not not not not not not not not not not not not not not not not not not not not not not false. Respond with either true or false.",openai/gpt-5.5-pro,4,8192,483,false,True,false,live
50,false,"For the following boolean statement, evaluate what X is: x is not not not not not not not not not not not not not not not not not not not not not not not not not not not not not not not not not not not not not not not not not not not not not not not not not not false. Respond with either true or false.",openai/gpt-5.5-pro,5,8192,938,false,True,false,live
50,false,"For the following boolean statement, evaluate what X is: x is not not not not not not not not not not not not not not not not not not not not not not not not not not not not not not not not not not not not not not not not not not not not not not not not not not false. Respond with either true or false.",anthropic/claude-opus-4.7,1,8192,0,,Inadmissible,"I need to count the ""not""s and apply them to false.

Let me count: not not not not not not not not not not not not not not not not not not not not not not not not not not not not not not not not not not not not not not not not not not not not not not not not not not

Counting in groups of 5:
1-5: not not not not not
6-10: not not not not not
11-15: not not not not not
16-20: not not not not not
21-25: not not not not not
26-30: not not not not not
31-35: not not not not not
36-40: not not not not not
41-45: not not not not not
46-50: not not not not not

That's 50 ""not""s. 50 is even, so the nots cancel out.

x = false

**false**",live
50,false,"For the following boolean statement, evaluate what X is: x is not not not not not not not not not not not not not not not not not not not not not not not not not not not not not not not not not not not not not not not not not not not not not not not not not not false. Respond with either true or false.",anthropic/claude-opus-4.7,2,8192,0,,Inadmissible,"I need to count the ""not""s and apply them to false.

Let me count: not (1) not (2) not (3) not (4) not (5) not (6) not (7) not (8) not (9) not (10) not (11) not (12) not (13) not (14) not (15) not (16) not (17) not (18) not (19) not (20) not (21) not (22) not (23) not (24) not (25) not (26) not (27) not (28) not (29) not (30) not (31) not (32) not (33) not (34) not (35) not (36) not (37) not (38) not (39) not (40) not (41) not (42) not (43) not (44) not (45) not (46) not (47) not (48) not (49) not (50) not (51) not (52) false

52 nots = even number, so the value is unchanged: false

true",live
50,false,"For the following boolean statement, evaluate what X is: x is not not not not not not not not not not not not not not not not not not not not not not not not not not not not not not not not not not not not not not not not not not not not not not not not not not false. Respond with either true or false.",anthropic/claude-opus-4.7,3,8192,0,,Inadmissible,"I need to count the ""not""s and determine the final value.

Starting value: false

Let me count the ""not""s: not not not not not not not not not not not not not not not not not not not not not not not not not not not not not not not not not not not not not not not not not not not not not not not not not not

Counting in groups of 10:
1-10: not not not not not not not not not not
11-20: not not not not not not not not not not
21-30: not not not not not not not not not not
31-40: not not not not not not not not not not
41-50: not not not not not not not not not not

Total: 50 ""not""s

50 is even, so the value is unchanged: **false**",live
50,false,"For the following boolean statement, evaluate what X is: x is not not not not not not not not not not not not not not not not not not not not not not not not not not not not not not not not not not not not not not not not not not not not not not not not not not false. Respond with either true or false.",anthropic/claude-opus-4.7,4,8192,0,,Inadmissible,"I need to count the ""not""s and determine the final value.

Starting value: false

Let me count the ""not""s: not not not not not not not not not not not not not not not not not not not not not not not not not not not not not not not not not not not not not not not not not not not not not not not not not not

Counting in groups of 10:
1-10: not not not not not not not not not not
11-20: not not not not not not not not not not
21-30: not not not not not not not not not not
31-40: not not not not not not not not not not
41-50: not not not not not not not not not not

That's 50 ""not""s.

50 is even, so the value remains: false

**false**",live
50,false,"For the following boolean statement, evaluate what X is: x is not not not not not not not not not not not not not not not not not not not not not not not not not not not not not not not not not not not not not not not not not not not not not not not not not not false. Respond with either true or false.",anthropic/claude-opus-4.7,5,8192,0,,Inadmissible,"I need to count the ""not""s and apply them to false.

Let me count the ""not""s: not not not not not not not not not not not not not not not not not not not not not not not not not not not not not not not not not not not not not not not not not not not not not not not not not

Counting in groups of 5:
1-5: not not not not not
6-10: not not not not not
11-15: not not not not not
16-20: not not not not not
21-25: not not not not not
26-30: not not not not not
31-35: not not not not not
36-40: not not not not not
41-45: not not not not not
46-50: not not not not not

That's 50 ""not""s. Let me verify by recounting the original:
""not not not not not not not not not not not not not not not not not not not not not not not not not not not not not not not not not not not not not not not not not not not not not not not not not not""

1,2,3,4,5,6,7,8,9,10,11,12,13,14,15,16,17,18,19,20,21,22,23,24,25,26,27,28,29,30,31,32,33,34,35,36,37,38,39,40,41,42,43,44,45,46,47,48,49,50

50 ""not""s applied to false. Since 50 is even, the result is false.

false",live
50,false,"For the following boolean statement, evaluate what X is: x is not not not not not not not not not not not not not not not not not not not not not not not not not not not not not not not not not not not not not not not not not not not not not not not not not not false. Respond with either true or false.",moonshotai/kimi-k2.6,1,8192,2232,false,True, false,live
50,false,"For the following boolean statement, evaluate what X is: x is not not not not not not not not not not not not not not not not not not not not not not not not not not not not not not not not not not not not not not not not not not not not not not not not not not false. Respond with either true or false.",moonshotai/kimi-k2.6,2,8192,6981,,Inadmissible,,live
50,false,"For the following boolean statement, evaluate what X is: x is not not not not not not not not not not not not not not not not not not not not not not not not not not not not not not not not not not not not not not not not not not not not not not not not not not false. Respond with either true or false.",moonshotai/kimi-k2.6,3,8192,5889,false,True,false,live
50,false,"For the following boolean statement, evaluate what X is: x is not not not not not not not not not not not not not not not not not not not not not not not not not not not not not not not not not not not not not not not not not not not not not not not not not not false. Respond with either true or false.",moonshotai/kimi-k2.6,4,8192,7329,,Inadmissible,,live
50,false,"For the following boolean statement, evaluate what X is: x is not not not not not not not not not not not not not not not not not not not not not not not not not not not not not not not not not not not not not not not not not not not not not not not not not not false. Respond with either true or false.",moonshotai/kimi-k2.6,5,8192,3857,false,True,false,live
51,true,"For the following boolean statement, evaluate what X is: x is not not not not not not not not not not not not not not not not not not not not not not not not not not not not not not not not not not not not not not not not not not not not not not not not not not not false. Respond with either true or false.",openai/gpt-5.5-pro,1,8192,2147,false,False,false,live
51,true,"For the following boolean statement, evaluate what X is: x is not not not not not not not not not not not not not not not not not not not not not not not not not not not not not not not not not not not not not not not not not not not not not not not not not not not false. Respond with either true or false.",openai/gpt-5.5-pro,2,8192,2854,true,True,true,live
51,true,"For the following boolean statement, evaluate what X is: x is not not not not not not not not not not not not not not not not not not not not not not not not not not not not not not not not not not not not not not not not not not not not not not not not not not not false. Respond with either true or false.",openai/gpt-5.5-pro,3,8192,2248,true,True,true,live
51,true,"For the following boolean statement, evaluate what X is: x is not not not not not not not not not not not not not not not not not not not not not not not not not not not not not not not not not not not not not not not not not not not not not not not not not not not false. Respond with either true or false.",openai/gpt-5.5-pro,4,8192,1811,true,True,true,live
51,true,"For the following boolean statement, evaluate what X is: x is not not not not not not not not not not not not not not not not not not not not not not not not not not not not not not not not not not not not not not not not not not not not not not not not not not not false. Respond with either true or false.",openai/gpt-5.5-pro,5,8192,2274,true,True,true,live
51,true,"For the following boolean statement, evaluate what X is: x is not not not not not not not not not not not not not not not not not not not not not not not not not not not not not not not not not not not not not not not not not not not not not not not not not not not false. Respond with either true or false.",anthropic/claude-opus-4.7,1,8192,0,,Inadmissible,"I need to count the ""not""s and determine the final value.

Let me count the ""nots"": not not not not not not not not not not not not not not not not not not not not not not not not not not not not not not not not not not not not not not not not not not not not not not not not not not not

Counting in groups of 5:
1-5: not not not not not
6-10: not not not not not
11-15: not not not not not
16-20: not not not not not
21-25: not not not not not
26-30: not not not not not
31-35: not not not not not
36-40: not not not not not
41-45: not not not not not
46-50: not not not not not
51: not

That's 51 ""not""s applied to false.

51 is odd, so the result flips false to **true**.

true",live
51,true,"For the following boolean statement, evaluate what X is: x is not not not not not not not not not not not not not not not not not not not not not not not not not not not not not not not not not not not not not not not not not not not not not not not not not not not false. Respond with either true or false.",anthropic/claude-opus-4.7,2,8192,0,,Inadmissible,"I need to count the ""not""s and determine the result.

Let me count: ""not not not not not not not not not not not not not not not not not not not not not not not not not not not not not not not not not not not not not not not not not not not not not not not not not not""

Counting in groups of 5:
- not not not not not (5)
- not not not not not (10)
- not not not not not (15)
- not not not not not (20)
- not not not not not (25)
- not not not not not (30)
- not not not not not (35)
- not not not not not (40)
- not not not not not (45)
- not not not not not (50)

That's 50 ""not""s applied to false.

Since 50 is even, the result is false (an even number of negations cancels out).

**false**",live
51,true,"For the following boolean statement, evaluate what X is: x is not not not not not not not not not not not not not not not not not not not not not not not not not not not not not not not not not not not not not not not not not not not not not not not not not not not false. Respond with either true or false.",anthropic/claude-opus-4.7,3,8192,0,,Inadmissible,"I need to count the ""not""s and determine if false negated that many times is true or false.

Let me count: ""not not not not not not not not not not not not not not not not not not not not not not not not not not not not not not not not not not not not not not not not not not not not not not not not not not""

Counting in groups of 5:
1-5: not not not not not
6-10: not not not not not
11-15: not not not not not
16-20: not not not not not
21-25: not not not not not
26-30: not not not not not
31-35: not not not not not
36-40: not not not not not
41-45: not not not not not
46-50: not not not not not

That's 50 ""not""s.

50 is even, so applying ""not"" 50 times to false gives false.

false",live
51,true,"For the following boolean statement, evaluate what X is: x is not not not not not not not not not not not not not not not not not not not not not not not not not not not not not not not not not not not not not not not not not not not not not not not not not not not false. Respond with either true or false.",anthropic/claude-opus-4.7,4,8192,0,,Inadmissible,"I need to count the ""not""s and determine the result.

Let me count: ""not not not not not not not not not not not not not not not not not not not not not not not not not not not not not not not not not not not not not not not not not not not not not not not not not not""

Counting in groups of 10:
1-10: not not not not not not not not not not
11-20: not not not not not not not not not not
21-30: not not not not not not not not not not
31-40: not not not not not not not not not not
41-50: not not not not not not not not not not

That's 50 ""not""s applied to false.

Since 50 is even, the nots cancel out, so x = false.

**false**",live
51,true,"For the following boolean statement, evaluate what X is: x is not not not not not not not not not not not not not not not not not not not not not not not not not not not not not not not not not not not not not not not not not not not not not not not not not not not false. Respond with either true or false.",anthropic/claude-opus-4.7,5,8192,0,,Inadmissible,"I need to count the ""not""s and determine the result.

Let me count: ""not not not not not not not not not not not not not not not not not not not not not not not not not not not not not not not not not not not not not not not not not not not not not not not not not not""

Counting in groups of 5:
- 1-5: not not not not not
- 6-10: not not not not not
- 11-15: not not not not not
- 16-20: not not not not not
- 21-25: not not not not not
- 26-30: not not not not not
- 31-35: not not not not not
- 36-40: not not not not not
- 41-45: not not not not not
- 46-50: not not not not not

That's 50 ""not""s applied to false.

50 is even, so the result is the same as false.

**false**",live
