"{""models"": [""openai/gpt-5.5-pro"", ""anthropic/claude-opus-4.7"", ""moonshotai/kimi-k2.6"", ""google/gemini-3.5-flash""], ""questions_csv"": ""Questions/investigation_boolean_counted_false.csv"", ""reasoning"": {""max_tokens"": 65536}, ""runs_per_question"": 1, ""system_prompt"": ""Return only the requested answer token or phrase, in lowercase, with no punctuation and no explanation."", ""targeted_counts"": [50, 51, 100, 101, 500, 501, 1000, 1001, 10000, 10001], ""timeout_seconds"": 45}"
NegationCount,ExpectedAnswer,Question,model,run_index,max_tokens,reasoning_tokens,prompt_tokens,completion_tokens,total_tokens,finish_reason,answer,matches_expected,raw_response,response_source
50,false,"If the word 'not' is applied exactly 50 times to false, is the result true or false? Reply with exactly one lowercase word: true or false.",openai/gpt-5.5-pro,1,,62,62,69,131,stop,false,True,false,live
50,false,"If the word 'not' is applied exactly 50 times to false, is the result true or false? Reply with exactly one lowercase word: true or false.",anthropic/claude-opus-4.7,1,,0,89,5,94,stop,false,True,false,live
50,false,"If the word 'not' is applied exactly 50 times to false, is the result true or false? Reply with exactly one lowercase word: true or false.",moonshotai/kimi-k2.6,1,,187,64,160,224,stop,false,True,false,live
50,false,"If the word 'not' is applied exactly 50 times to false, is the result true or false? Reply with exactly one lowercase word: true or false.",google/gemini-3.5-flash,1,,247,53,248,301,stop,false,True,false,live
51,true,"If the word 'not' is applied exactly 51 times to false, is the result true or false? Reply with exactly one lowercase word: true or false.",openai/gpt-5.5-pro,1,,64,62,71,133,stop,true,True,true,live
51,true,"If the word 'not' is applied exactly 51 times to false, is the result true or false? Reply with exactly one lowercase word: true or false.",anthropic/claude-opus-4.7,1,,0,89,5,94,stop,true,True,true,live
51,true,"If the word 'not' is applied exactly 51 times to false, is the result true or false? Reply with exactly one lowercase word: true or false.",moonshotai/kimi-k2.6,1,,157,64,158,222,stop,true,True,true,live
51,true,"If the word 'not' is applied exactly 51 times to false, is the result true or false? Reply with exactly one lowercase word: true or false.",google/gemini-3.5-flash,1,,208,53,209,262,stop,true,True,true,live
100,false,"If the word 'not' is applied exactly 100 times to false, is the result true or false? Reply with exactly one lowercase word: true or false.",openai/gpt-5.5-pro,1,,64,62,71,133,stop,false,True,false,live
100,false,"If the word 'not' is applied exactly 100 times to false, is the result true or false? Reply with exactly one lowercase word: true or false.",anthropic/claude-opus-4.7,1,,0,89,5,94,stop,false,True,false,live
100,false,"If the word 'not' is applied exactly 100 times to false, is the result true or false? Reply with exactly one lowercase word: true or false.",moonshotai/kimi-k2.6,1,,150,64,151,215,stop,false,True,false,live
100,false,"If the word 'not' is applied exactly 100 times to false, is the result true or false? Reply with exactly one lowercase word: true or false.",google/gemini-3.5-flash,1,,264,54,265,319,stop,false,True,false,live
101,true,"If the word 'not' is applied exactly 101 times to false, is the result true or false? Reply with exactly one lowercase word: true or false.",openai/gpt-5.5-pro,1,,52,62,59,121,stop,true,True,true,live
101,true,"If the word 'not' is applied exactly 101 times to false, is the result true or false? Reply with exactly one lowercase word: true or false.",anthropic/claude-opus-4.7,1,,0,89,5,94,stop,true,True,true,live
101,true,"If the word 'not' is applied exactly 101 times to false, is the result true or false? Reply with exactly one lowercase word: true or false.",moonshotai/kimi-k2.6,1,,173,64,157,221,stop,true,True, true,live
101,true,"If the word 'not' is applied exactly 101 times to false, is the result true or false? Reply with exactly one lowercase word: true or false.",google/gemini-3.5-flash,1,,294,54,295,349,stop,true,True,true,live
500,false,"If the word 'not' is applied exactly 500 times to false, is the result true or false? Reply with exactly one lowercase word: true or false.",openai/gpt-5.5-pro,1,,59,62,66,128,stop,false,True,false,live
500,false,"If the word 'not' is applied exactly 500 times to false, is the result true or false? Reply with exactly one lowercase word: true or false.",anthropic/claude-opus-4.7,1,,0,89,5,94,stop,false,True,false,live
500,false,"If the word 'not' is applied exactly 500 times to false, is the result true or false? Reply with exactly one lowercase word: true or false.",moonshotai/kimi-k2.6,1,,153,64,151,215,stop,false,True, false,live
500,false,"If the word 'not' is applied exactly 500 times to false, is the result true or false? Reply with exactly one lowercase word: true or false.",google/gemini-3.5-flash,1,,249,54,250,304,stop,false,True,false,live
501,true,"If the word 'not' is applied exactly 501 times to false, is the result true or false? Reply with exactly one lowercase word: true or false.",openai/gpt-5.5-pro,1,,53,62,60,122,stop,true,True,true,live
501,true,"If the word 'not' is applied exactly 501 times to false, is the result true or false? Reply with exactly one lowercase word: true or false.",anthropic/claude-opus-4.7,1,,0,89,5,94,stop,true,True,true,live
501,true,"If the word 'not' is applied exactly 501 times to false, is the result true or false? Reply with exactly one lowercase word: true or false.",moonshotai/kimi-k2.6,1,,136,63,129,192,stop,true,True,true,live
501,true,"If the word 'not' is applied exactly 501 times to false, is the result true or false? Reply with exactly one lowercase word: true or false.",google/gemini-3.5-flash,1,,231,54,232,286,stop,true,True,true,live
1000,false,"If the word 'not' is applied exactly 1000 times to false, is the result true or false? Reply with exactly one lowercase word: true or false.",openai/gpt-5.5-pro,1,,71,63,78,141,stop,false,True,false,live
1000,false,"If the word 'not' is applied exactly 1000 times to false, is the result true or false? Reply with exactly one lowercase word: true or false.",anthropic/claude-opus-4.7,1,,0,90,5,95,stop,true,False,true,live
1000,false,"If the word 'not' is applied exactly 1000 times to false, is the result true or false? Reply with exactly one lowercase word: true or false.",moonshotai/kimi-k2.6,1,,149,65,140,205,stop,false,True, false,live
1000,false,"If the word 'not' is applied exactly 1000 times to false, is the result true or false? Reply with exactly one lowercase word: true or false.",google/gemini-3.5-flash,1,,313,55,314,369,stop,false,True,false,live
1001,true,"If the word 'not' is applied exactly 1001 times to false, is the result true or false? Reply with exactly one lowercase word: true or false.",openai/gpt-5.5-pro,1,,61,63,68,131,stop,true,True,true,live
1001,true,"If the word 'not' is applied exactly 1001 times to false, is the result true or false? Reply with exactly one lowercase word: true or false.",anthropic/claude-opus-4.7,1,,0,90,5,95,stop,true,True,true,live
1001,true,"If the word 'not' is applied exactly 1001 times to false, is the result true or false? Reply with exactly one lowercase word: true or false.",moonshotai/kimi-k2.6,1,,145,65,138,203,stop,true,True,true,live
1001,true,"If the word 'not' is applied exactly 1001 times to false, is the result true or false? Reply with exactly one lowercase word: true or false.",google/gemini-3.5-flash,1,,246,55,247,302,stop,true,True,true,live
10000,false,"If the word 'not' is applied exactly 10000 times to false, is the result true or false? Reply with exactly one lowercase word: true or false.",openai/gpt-5.5-pro,1,,56,63,63,126,stop,false,True,false,live
10000,false,"If the word 'not' is applied exactly 10000 times to false, is the result true or false? Reply with exactly one lowercase word: true or false.",anthropic/claude-opus-4.7,1,,0,90,5,95,stop,false,True,false,live
10000,false,"If the word 'not' is applied exactly 10000 times to false, is the result true or false? Reply with exactly one lowercase word: true or false.",moonshotai/kimi-k2.6,1,,225,65,204,269,stop,false,True, false,live
10000,false,"If the word 'not' is applied exactly 10000 times to false, is the result true or false? Reply with exactly one lowercase word: true or false.",google/gemini-3.5-flash,1,,260,56,261,317,stop,false,True,false,live
10001,true,"If the word 'not' is applied exactly 10001 times to false, is the result true or false? Reply with exactly one lowercase word: true or false.",openai/gpt-5.5-pro,1,,54,63,61,124,stop,true,True,true,live
10001,true,"If the word 'not' is applied exactly 10001 times to false, is the result true or false? Reply with exactly one lowercase word: true or false.",anthropic/claude-opus-4.7,1,,0,90,5,95,stop,true,True,true,live
10001,true,"If the word 'not' is applied exactly 10001 times to false, is the result true or false? Reply with exactly one lowercase word: true or false.",moonshotai/kimi-k2.6,1,,134,65,137,202,stop,true,True, true,live
10001,true,"If the word 'not' is applied exactly 10001 times to false, is the result true or false? Reply with exactly one lowercase word: true or false.",google/gemini-3.5-flash,1,,303,56,304,360,stop,true,True,true,live
