"{""models"": [""openai/gpt-5.5-pro"", ""anthropic/claude-opus-4.7"", ""moonshotai/kimi-k2.6"", ""google/gemini-3.5-flash""], ""questions_csv"": ""Questions/investigation_boolean_literal_false.csv"", ""reasoning"": {""max_tokens"": 65536}, ""targeted_counts"": [50, 51, 100, 101, 500, 501], ""timeout_seconds"": 45}"
NegationCount,ExpectedAnswer,Question,model,run_index,max_tokens,reasoning_tokens,prompt_tokens,completion_tokens,total_tokens,finish_reason,answer,matches_expected,raw_response,response_source
50,false,"For the following boolean statement, evaluate what x is: x is not not not not not not not not not not not not not not not not not not not not not not not not not not not not not not not not not not not not not not not not not not not not not not not not not not false. Reply with exactly one lowercase word: true or false.",openai/gpt-5.5-pro,1,,904,105,911,1016,stop,false,True,false,live
50,false,"For the following boolean statement, evaluate what x is: x is not not not not not not not not not not not not not not not not not not not not not not not not not not not not not not not not not not not not not not not not not not not not not not not not not not false. Reply with exactly one lowercase word: true or false.",anthropic/claude-opus-4.7,1,,41,133,53,186,stop,true,False,true,live
50,false,"For the following boolean statement, evaluate what x is: x is not not not not not not not not not not not not not not not not not not not not not not not not not not not not not not not not not not not not not not not not not not not not not not not not not not false. Reply with exactly one lowercase word: true or false.",moonshotai/kimi-k2.6,1,,3026,106,3721,3827,stop,false,True,false,live
50,false,"For the following boolean statement, evaluate what x is: x is not not not not not not not not not not not not not not not not not not not not not not not not not not not not not not not not not not not not not not not not not not not not not not not not not not false. Reply with exactly one lowercase word: true or false.",google/gemini-3.5-flash,1,,1018,95,1019,1114,stop,false,True,false,live
51,true,"For the following boolean statement, evaluate what x is: x is not not not not not not not not not not not not not not not not not not not not not not not not not not not not not not not not not not not not not not not not not not not not not not not not not not not false. Reply with exactly one lowercase word: true or false.",openai/gpt-5.5-pro,1,,814,106,821,927,stop,false,False,false,live
51,true,"For the following boolean statement, evaluate what x is: x is not not not not not not not not not not not not not not not not not not not not not not not not not not not not not not not not not not not not not not not not not not not not not not not not not not not false. Reply with exactly one lowercase word: true or false.",anthropic/claude-opus-4.7,1,,28,134,38,172,stop,false,False,false,live
51,true,"For the following boolean statement, evaluate what x is: x is not not not not not not not not not not not not not not not not not not not not not not not not not not not not not not not not not not not not not not not not not not not not not not not not not not not false. Reply with exactly one lowercase word: true or false.",moonshotai/kimi-k2.6,1,,22164,107,25923,26030,stop,false,False,false,live
51,true,"For the following boolean statement, evaluate what x is: x is not not not not not not not not not not not not not not not not not not not not not not not not not not not not not not not not not not not not not not not not not not not not not not not not not not not false. Reply with exactly one lowercase word: true or false.",google/gemini-3.5-flash,1,,4800,96,4801,4897,stop,true,True,true,live
100,false,"For the following boolean statement, evaluate what x is: x is not not not not not not not not not not not not not not not not not not not not not not not not not not not not not not not not not not not not not not not not not not not not not not not not not not not not not not not not not not not not not not not not not not not not not not not not not not not not not not not not not not not not not not not not not not not not not not not not not not not not false. Reply with exactly one lowercase word: true or false.",openai/gpt-5.5-pro,1,,3026,155,3033,3188,stop,false,True,false,live
100,false,"For the following boolean statement, evaluate what x is: x is not not not not not not not not not not not not not not not not not not not not not not not not not not not not not not not not not not not not not not not not not not not not not not not not not not not not not not not not not not not not not not not not not not not not not not not not not not not not not not not not not not not not not not not not not not not not not not not not not not not not false. Reply with exactly one lowercase word: true or false.",anthropic/claude-opus-4.7,1,,495,183,6989,7172,stop,false,True,false,live
100,false,"For the following boolean statement, evaluate what x is: x is not not not not not not not not not not not not not not not not not not not not not not not not not not not not not not not not not not not not not not not not not not not not not not not not not not not not not not not not not not not not not not not not not not not not not not not not not not not not not not not not not not not not not not not not not not not not not not not not not not not not false. Reply with exactly one lowercase word: true or false.",moonshotai/kimi-k2.6,1,,10915,157,12788,12945,stop,false,True,false,live
100,false,"For the following boolean statement, evaluate what x is: x is not not not not not not not not not not not not not not not not not not not not not not not not not not not not not not not not not not not not not not not not not not not not not not not not not not not not not not not not not not not not not not not not not not not not not not not not not not not not not not not not not not not not not not not not not not not not not not not not not not not not false. Reply with exactly one lowercase word: true or false.",google/gemini-3.5-flash,1,,2008,145,2009,2154,stop,false,True,false,live
101,true,"For the following boolean statement, evaluate what x is: x is not not not not not not not not not not not not not not not not not not not not not not not not not not not not not not not not not not not not not not not not not not not not not not not not not not not not not not not not not not not not not not not not not not not not not not not not not not not not not not not not not not not not not not not not not not not not not not not not not not not not not false. Reply with exactly one lowercase word: true or false.",openai/gpt-5.5-pro,1,,4671,156,4678,4834,stop,false,False,false,live
101,true,"For the following boolean statement, evaluate what x is: x is not not not not not not not not not not not not not not not not not not not not not not not not not not not not not not not not not not not not not not not not not not not not not not not not not not not not not not not not not not not not not not not not not not not not not not not not not not not not not not not not not not not not not not not not not not not not not not not not not not not not not false. Reply with exactly one lowercase word: true or false.",anthropic/claude-opus-4.7,1,,227,184,4273,4457,stop,false,False,false,live
101,true,"For the following boolean statement, evaluate what x is: x is not not not not not not not not not not not not not not not not not not not not not not not not not not not not not not not not not not not not not not not not not not not not not not not not not not not not not not not not not not not not not not not not not not not not not not not not not not not not not not not not not not not not not not not not not not not not not not not not not not not not not false. Reply with exactly one lowercase word: true or false.",moonshotai/kimi-k2.6,1,,40115,158,40118,40276,stop,false,False, false,live
101,true,"For the following boolean statement, evaluate what x is: x is not not not not not not not not not not not not not not not not not not not not not not not not not not not not not not not not not not not not not not not not not not not not not not not not not not not not not not not not not not not not not not not not not not not not not not not not not not not not not not not not not not not not not not not not not not not not not not not not not not not not not false. Reply with exactly one lowercase word: true or false.",google/gemini-3.5-flash,1,,3613,146,3614,3760,stop,true,True,true,live
500,false,"For the following boolean statement, evaluate what x is: x is not not not not not not not not not not not not not not not not not not not not not not not not not not not not not not not not not not not not not not not not not not not not not not not not not not not not not not not not not not not not not not not not not not not not not not not not not not not not not not not not not not not not not not not not not not not not not not not not not not not not not not not not not not not not not not not not not not not not not not not not not not not not not not not not not not not not not not not not not not not not not not not not not not not not not not not not not not not not not not not not not not not not not not not not not not not not not not not not not not not not not not not not not not not not not not not not not not not not not not not not not not not not not not not not not not not not not not not not not not not not not not not not not not not not not not not not not not not not not not not not not not not not not not not not not not not not not not not not not not not not not not not not not not not not not not not not not not not not not not not not not not not not not not not not not not not not not not not not not not not not not not not not not not not not not not not not not not not not not not not not not not not not not not not not not not not not not not not not not not not not not not not not not not not not not not not not not not not not not not not not not not not not not not not not not not not not not not not not not not not not not not not not not not not not not not not not not not not not not not not not not not not not not not not not not not not not not not not not not not not not not not not not not not not not not not not not not not not not not not not not not not not not not not not not not not not not not not not not not not not not not not not not not not not not not not not not not not not not not not not not not not not not not not not not not not not not not not not not not not not not false. Reply with exactly one lowercase word: true or false.",openai/gpt-5.5-pro,1,,,,,,,,Inadmissible,JSONDecodeError: Expecting value: line 1257 column 1 (char 6908),request_error
500,false,"For the following boolean statement, evaluate what x is: x is not not not not not not not not not not not not not not not not not not not not not not not not not not not not not not not not not not not not not not not not not not not not not not not not not not not not not not not not not not not not not not not not not not not not not not not not not not not not not not not not not not not not not not not not not not not not not not not not not not not not not not not not not not not not not not not not not not not not not not not not not not not not not not not not not not not not not not not not not not not not not not not not not not not not not not not not not not not not not not not not not not not not not not not not not not not not not not not not not not not not not not not not not not not not not not not not not not not not not not not not not not not not not not not not not not not not not not not not not not not not not not not not not not not not not not not not not not not not not not not not not not not not not not not not not not not not not not not not not not not not not not not not not not not not not not not not not not not not not not not not not not not not not not not not not not not not not not not not not not not not not not not not not not not not not not not not not not not not not not not not not not not not not not not not not not not not not not not not not not not not not not not not not not not not not not not not not not not not not not not not not not not not not not not not not not not not not not not not not not not not not not not not not not not not not not not not not not not not not not not not not not not not not not not not not not not not not not not not not not not not not not not not not not not not not not not not not not not not not not not not not not not not not not not not not not not not not not not not not not not not not not not not not not not not not not not not not not not not not not not not not not not not not not not not not not not not not not not not not not not not false. Reply with exactly one lowercase word: true or false.",anthropic/claude-opus-4.7,1,,371,583,4181,4764,stop,false,True,false,live
500,false,"For the following boolean statement, evaluate what x is: x is not not not not not not not not not not not not not not not not not not not not not not not not not not not not not not not not not not not not not not not not not not not not not not not not not not not not not not not not not not not not not not not not not not not not not not not not not not not not not not not not not not not not not not not not not not not not not not not not not not not not not not not not not not not not not not not not not not not not not not not not not not not not not not not not not not not not not not not not not not not not not not not not not not not not not not not not not not not not not not not not not not not not not not not not not not not not not not not not not not not not not not not not not not not not not not not not not not not not not not not not not not not not not not not not not not not not not not not not not not not not not not not not not not not not not not not not not not not not not not not not not not not not not not not not not not not not not not not not not not not not not not not not not not not not not not not not not not not not not not not not not not not not not not not not not not not not not not not not not not not not not not not not not not not not not not not not not not not not not not not not not not not not not not not not not not not not not not not not not not not not not not not not not not not not not not not not not not not not not not not not not not not not not not not not not not not not not not not not not not not not not not not not not not not not not not not not not not not not not not not not not not not not not not not not not not not not not not not not not not not not not not not not not not not not not not not not not not not not not not not not not not not not not not not not not not not not not not not not not not not not not not not not not not not not not not not not not not not not not not not not not not not not not not not not not not not not not not not not not not not not false. Reply with exactly one lowercase word: true or false.",moonshotai/kimi-k2.6,1,,16117,557,16384,16941,length,,Inadmissible,,live
500,false,"For the following boolean statement, evaluate what x is: x is not not not not not not not not not not not not not not not not not not not not not not not not not not not not not not not not not not not not not not not not not not not not not not not not not not not not not not not not not not not not not not not not not not not not not not not not not not not not not not not not not not not not not not not not not not not not not not not not not not not not not not not not not not not not not not not not not not not not not not not not not not not not not not not not not not not not not not not not not not not not not not not not not not not not not not not not not not not not not not not not not not not not not not not not not not not not not not not not not not not not not not not not not not not not not not not not not not not not not not not not not not not not not not not not not not not not not not not not not not not not not not not not not not not not not not not not not not not not not not not not not not not not not not not not not not not not not not not not not not not not not not not not not not not not not not not not not not not not not not not not not not not not not not not not not not not not not not not not not not not not not not not not not not not not not not not not not not not not not not not not not not not not not not not not not not not not not not not not not not not not not not not not not not not not not not not not not not not not not not not not not not not not not not not not not not not not not not not not not not not not not not not not not not not not not not not not not not not not not not not not not not not not not not not not not not not not not not not not not not not not not not not not not not not not not not not not not not not not not not not not not not not not not not not not not not not not not not not not not not not not not not not not not not not not not not not not not not not not not not not not not not not not not not not not not not not not not not not not not not not not false. Reply with exactly one lowercase word: true or false.",google/gemini-3.5-flash,1,,19720,545,19721,20266,stop,false,True,false,live
501,true,"For the following boolean statement, evaluate what x is: x is not not not not not not not not not not not not not not not not not not not not not not not not not not not not not not not not not not not not not not not not not not not not not not not not not not not not not not not not not not not not not not not not not not not not not not not not not not not not not not not not not not not not not not not not not not not not not not not not not not not not not not not not not not not not not not not not not not not not not not not not not not not not not not not not not not not not not not not not not not not not not not not not not not not not not not not not not not not not not not not not not not not not not not not not not not not not not not not not not not not not not not not not not not not not not not not not not not not not not not not not not not not not not not not not not not not not not not not not not not not not not not not not not not not not not not not not not not not not not not not not not not not not not not not not not not not not not not not not not not not not not not not not not not not not not not not not not not not not not not not not not not not not not not not not not not not not not not not not not not not not not not not not not not not not not not not not not not not not not not not not not not not not not not not not not not not not not not not not not not not not not not not not not not not not not not not not not not not not not not not not not not not not not not not not not not not not not not not not not not not not not not not not not not not not not not not not not not not not not not not not not not not not not not not not not not not not not not not not not not not not not not not not not not not not not not not not not not not not not not not not not not not not not not not not not not not not not not not not not not not not not not not not not not not not not not not not not not not not not not not not not not not not not not not not not not not not not not not not not not not not not false. Reply with exactly one lowercase word: true or false.",openai/gpt-5.5-pro,1,,13282,556,13289,13845,stop,false,False,false,live
501,true,"For the following boolean statement, evaluate what x is: x is not not not not not not not not not not not not not not not not not not not not not not not not not not not not not not not not not not not not not not not not not not not not not not not not not not not not not not not not not not not not not not not not not not not not not not not not not not not not not not not not not not not not not not not not not not not not not not not not not not not not not not not not not not not not not not not not not not not not not not not not not not not not not not not not not not not not not not not not not not not not not not not not not not not not not not not not not not not not not not not not not not not not not not not not not not not not not not not not not not not not not not not not not not not not not not not not not not not not not not not not not not not not not not not not not not not not not not not not not not not not not not not not not not not not not not not not not not not not not not not not not not not not not not not not not not not not not not not not not not not not not not not not not not not not not not not not not not not not not not not not not not not not not not not not not not not not not not not not not not not not not not not not not not not not not not not not not not not not not not not not not not not not not not not not not not not not not not not not not not not not not not not not not not not not not not not not not not not not not not not not not not not not not not not not not not not not not not not not not not not not not not not not not not not not not not not not not not not not not not not not not not not not not not not not not not not not not not not not not not not not not not not not not not not not not not not not not not not not not not not not not not not not not not not not not not not not not not not not not not not not not not not not not not not not not not not not not not not not not not not not not not not not not not not not not not not not not not not not not not not not not false. Reply with exactly one lowercase word: true or false.",anthropic/claude-opus-4.7,1,,0,584,5183,5767,stop,false,False,false,live
501,true,"For the following boolean statement, evaluate what x is: x is not not not not not not not not not not not not not not not not not not not not not not not not not not not not not not not not not not not not not not not not not not not not not not not not not not not not not not not not not not not not not not not not not not not not not not not not not not not not not not not not not not not not not not not not not not not not not not not not not not not not not not not not not not not not not not not not not not not not not not not not not not not not not not not not not not not not not not not not not not not not not not not not not not not not not not not not not not not not not not not not not not not not not not not not not not not not not not not not not not not not not not not not not not not not not not not not not not not not not not not not not not not not not not not not not not not not not not not not not not not not not not not not not not not not not not not not not not not not not not not not not not not not not not not not not not not not not not not not not not not not not not not not not not not not not not not not not not not not not not not not not not not not not not not not not not not not not not not not not not not not not not not not not not not not not not not not not not not not not not not not not not not not not not not not not not not not not not not not not not not not not not not not not not not not not not not not not not not not not not not not not not not not not not not not not not not not not not not not not not not not not not not not not not not not not not not not not not not not not not not not not not not not not not not not not not not not not not not not not not not not not not not not not not not not not not not not not not not not not not not not not not not not not not not not not not not not not not not not not not not not not not not not not not not not not not not not not not not not not not not not not not not not not not not not not not not not not not not not not not not not not false. Reply with exactly one lowercase word: true or false.",moonshotai/kimi-k2.6,1,,32796,557,32768,33325,length,,Inadmissible,,live
501,true,"For the following boolean statement, evaluate what x is: x is not not not not not not not not not not not not not not not not not not not not not not not not not not not not not not not not not not not not not not not not not not not not not not not not not not not not not not not not not not not not not not not not not not not not not not not not not not not not not not not not not not not not not not not not not not not not not not not not not not not not not not not not not not not not not not not not not not not not not not not not not not not not not not not not not not not not not not not not not not not not not not not not not not not not not not not not not not not not not not not not not not not not not not not not not not not not not not not not not not not not not not not not not not not not not not not not not not not not not not not not not not not not not not not not not not not not not not not not not not not not not not not not not not not not not not not not not not not not not not not not not not not not not not not not not not not not not not not not not not not not not not not not not not not not not not not not not not not not not not not not not not not not not not not not not not not not not not not not not not not not not not not not not not not not not not not not not not not not not not not not not not not not not not not not not not not not not not not not not not not not not not not not not not not not not not not not not not not not not not not not not not not not not not not not not not not not not not not not not not not not not not not not not not not not not not not not not not not not not not not not not not not not not not not not not not not not not not not not not not not not not not not not not not not not not not not not not not not not not not not not not not not not not not not not not not not not not not not not not not not not not not not not not not not not not not not not not not not not not not not not not not not not not not not not not not not not not not not not not not not not not false. Reply with exactly one lowercase word: true or false.",google/gemini-3.5-flash,1,,12987,546,12988,13534,stop,false,False,false,live
