"{""max_workers"": 4, ""measure_performance"": false, ""models"": [""openai/gpt-5.5-pro"", ""anthropic/claude-opus-4.7"", ""moonshotai/kimi-k2.6"", ""google/gemini-3.5-flash""], ""output_csv"": ""../Answers/investigation_boolean_literal_false-answers.csv"", ""questions_csv"": ""../Questions/investigation_boolean_literal_false.csv"", ""reasoning"": {""max_tokens"": 65536}, ""runs_per_question"": 1, ""system_prompt"": ""Return only the requested answer token or phrase, in lowercase, with no punctuation and no explanation."", ""timeout_seconds"": 45, ""use_redis_cache"": false}"
NegationCount,ExpectedAnswer,Question,model,run_index,max_tokens,reasoning_tokens,prompt_tokens,completion_tokens,total_tokens,finish_reason,answer,matches_expected,raw_response,response_source
0,false,"For the following boolean statement, evaluate what x is: x is false. Reply with exactly one lowercase word: true or false.",openai/gpt-5.5-pro,1,,82,55,89,144,stop,false,True,false,live
0,false,"For the following boolean statement, evaluate what x is: x is false. Reply with exactly one lowercase word: true or false.",anthropic/claude-opus-4.7,1,,0,83,5,88,stop,false,True,false,live
0,false,"For the following boolean statement, evaluate what x is: x is false. Reply with exactly one lowercase word: true or false.",moonshotai/kimi-k2.6,1,,70,57,73,130,stop,false,True, false,live
0,false,"For the following boolean statement, evaluate what x is: x is false. Reply with exactly one lowercase word: true or false.",google/gemini-3.5-flash,1,,138,45,139,184,stop,false,True,false,live
1,true,"For the following boolean statement, evaluate what x is: x is not false. Reply with exactly one lowercase word: true or false.",openai/gpt-5.5-pro,1,,85,56,92,148,stop,true,True,true,live
1,true,"For the following boolean statement, evaluate what x is: x is not false. Reply with exactly one lowercase word: true or false.",anthropic/claude-opus-4.7,1,,0,84,5,89,stop,true,True,true,live
1,true,"For the following boolean statement, evaluate what x is: x is not false. Reply with exactly one lowercase word: true or false.",moonshotai/kimi-k2.6,1,,130,58,112,170,stop,true,True,true,live
1,true,"For the following boolean statement, evaluate what x is: x is not false. Reply with exactly one lowercase word: true or false.",google/gemini-3.5-flash,1,,228,46,229,275,stop,true,True,true,live
2,false,"For the following boolean statement, evaluate what x is: x is not not false. Reply with exactly one lowercase word: true or false.",openai/gpt-5.5-pro,1,,99,57,106,163,stop,false,True,false,live
2,false,"For the following boolean statement, evaluate what x is: x is not not false. Reply with exactly one lowercase word: true or false.",anthropic/claude-opus-4.7,1,,0,85,5,90,stop,false,True,false,live
2,false,"For the following boolean statement, evaluate what x is: x is not not false. Reply with exactly one lowercase word: true or false.",moonshotai/kimi-k2.6,1,,68,59,71,130,stop,false,True, false,live
2,false,"For the following boolean statement, evaluate what x is: x is not not false. Reply with exactly one lowercase word: true or false.",google/gemini-3.5-flash,1,,150,47,151,198,stop,false,True,false,live
3,true,"For the following boolean statement, evaluate what x is: x is not not not false. Reply with exactly one lowercase word: true or false.",openai/gpt-5.5-pro,1,,126,58,133,191,stop,true,True,true,live
3,true,"For the following boolean statement, evaluate what x is: x is not not not false. Reply with exactly one lowercase word: true or false.",anthropic/claude-opus-4.7,1,,0,86,5,91,stop,true,True,true,live
3,true,"For the following boolean statement, evaluate what x is: x is not not not false. Reply with exactly one lowercase word: true or false.",moonshotai/kimi-k2.6,1,,99,60,102,162,stop,true,True, true,live
3,true,"For the following boolean statement, evaluate what x is: x is not not not false. Reply with exactly one lowercase word: true or false.",google/gemini-3.5-flash,1,,119,48,120,168,stop,true,True,true,live
4,false,"For the following boolean statement, evaluate what x is: x is not not not not false. Reply with exactly one lowercase word: true or false.",openai/gpt-5.5-pro,1,,130,59,137,196,stop,false,True,false,live
4,false,"For the following boolean statement, evaluate what x is: x is not not not not false. Reply with exactly one lowercase word: true or false.",anthropic/claude-opus-4.7,1,,0,87,5,92,stop,false,True,false,live
4,false,"For the following boolean statement, evaluate what x is: x is not not not not false. Reply with exactly one lowercase word: true or false.",moonshotai/kimi-k2.6,1,,219,61,217,278,stop,false,True, false,live
4,false,"For the following boolean statement, evaluate what x is: x is not not not not false. Reply with exactly one lowercase word: true or false.",google/gemini-3.5-flash,1,,235,49,236,285,stop,false,True,false,live
5,true,"For the following boolean statement, evaluate what x is: x is not not not not not false. Reply with exactly one lowercase word: true or false.",openai/gpt-5.5-pro,1,,90,60,97,157,stop,true,True,true,live
5,true,"For the following boolean statement, evaluate what x is: x is not not not not not false. Reply with exactly one lowercase word: true or false.",anthropic/claude-opus-4.7,1,,0,88,5,93,stop,false,False,false,live
5,true,"For the following boolean statement, evaluate what x is: x is not not not not not false. Reply with exactly one lowercase word: true or false.",moonshotai/kimi-k2.6,1,,276,62,289,351,stop,true,True, true,live
5,true,"For the following boolean statement, evaluate what x is: x is not not not not not false. Reply with exactly one lowercase word: true or false.",google/gemini-3.5-flash,1,,228,50,229,279,stop,true,True,true,live
6,false,"For the following boolean statement, evaluate what x is: x is not not not not not not false. Reply with exactly one lowercase word: true or false.",openai/gpt-5.5-pro,1,,96,61,103,164,stop,false,True,false,live
6,false,"For the following boolean statement, evaluate what x is: x is not not not not not not false. Reply with exactly one lowercase word: true or false.",anthropic/claude-opus-4.7,1,,0,89,5,94,stop,false,True,false,live
6,false,"For the following boolean statement, evaluate what x is: x is not not not not not not false. Reply with exactly one lowercase word: true or false.",moonshotai/kimi-k2.6,1,,283,63,286,349,stop,false,True, false,live
6,false,"For the following boolean statement, evaluate what x is: x is not not not not not not false. Reply with exactly one lowercase word: true or false.",google/gemini-3.5-flash,1,,264,51,265,316,stop,false,True,false,live
7,true,"For the following boolean statement, evaluate what x is: x is not not not not not not not false. Reply with exactly one lowercase word: true or false.",openai/gpt-5.5-pro,1,,138,62,145,207,stop,true,True,true,live
7,true,"For the following boolean statement, evaluate what x is: x is not not not not not not not false. Reply with exactly one lowercase word: true or false.",anthropic/claude-opus-4.7,1,,0,90,5,95,stop,false,False,false,live
7,true,"For the following boolean statement, evaluate what x is: x is not not not not not not not false. Reply with exactly one lowercase word: true or false.",moonshotai/kimi-k2.6,1,,292,64,305,369,stop,true,True,true,live
7,true,"For the following boolean statement, evaluate what x is: x is not not not not not not not false. Reply with exactly one lowercase word: true or false.",google/gemini-3.5-flash,1,,309,52,310,362,stop,true,True,true,live
8,false,"For the following boolean statement, evaluate what x is: x is not not not not not not not not false. Reply with exactly one lowercase word: true or false.",openai/gpt-5.5-pro,1,,113,63,120,183,stop,false,True,false,live
8,false,"For the following boolean statement, evaluate what x is: x is not not not not not not not not false. Reply with exactly one lowercase word: true or false.",anthropic/claude-opus-4.7,1,,0,91,5,96,stop,false,True,false,live
8,false,"For the following boolean statement, evaluate what x is: x is not not not not not not not not false. Reply with exactly one lowercase word: true or false.",moonshotai/kimi-k2.6,1,,219,65,212,277,stop,,Inadmissible, false true,live
8,false,"For the following boolean statement, evaluate what x is: x is not not not not not not not not false. Reply with exactly one lowercase word: true or false.",google/gemini-3.5-flash,1,,318,53,319,372,stop,false,True,false,live
9,true,"For the following boolean statement, evaluate what x is: x is not not not not not not not not not false. Reply with exactly one lowercase word: true or false.",openai/gpt-5.5-pro,1,,120,64,127,191,stop,true,True,true,live
9,true,"For the following boolean statement, evaluate what x is: x is not not not not not not not not not false. Reply with exactly one lowercase word: true or false.",anthropic/claude-opus-4.7,1,,45,92,74,166,stop,true,True,true,live
9,true,"For the following boolean statement, evaluate what x is: x is not not not not not not not not not false. Reply with exactly one lowercase word: true or false.",moonshotai/kimi-k2.6,1,,395,66,418,484,stop,true,True, true,live
9,true,"For the following boolean statement, evaluate what x is: x is not not not not not not not not not false. Reply with exactly one lowercase word: true or false.",google/gemini-3.5-flash,1,,395,54,396,450,stop,true,True,true,live
10,false,"For the following boolean statement, evaluate what x is: x is not not not not not not not not not not false. Reply with exactly one lowercase word: true or false.",openai/gpt-5.5-pro,1,,122,65,129,194,stop,false,True,false,live
10,false,"For the following boolean statement, evaluate what x is: x is not not not not not not not not not not false. Reply with exactly one lowercase word: true or false.",anthropic/claude-opus-4.7,1,,24,93,33,126,stop,false,True,false,live
10,false,"For the following boolean statement, evaluate what x is: x is not not not not not not not not not not false. Reply with exactly one lowercase word: true or false.",moonshotai/kimi-k2.6,1,,492,67,539,606,stop,false,True,false,live
10,false,"For the following boolean statement, evaluate what x is: x is not not not not not not not not not not false. Reply with exactly one lowercase word: true or false.",google/gemini-3.5-flash,1,,492,55,493,548,stop,false,True,false,live
11,true,"For the following boolean statement, evaluate what x is: x is not not not not not not not not not not not false. Reply with exactly one lowercase word: true or false.",openai/gpt-5.5-pro,1,,179,66,186,252,stop,true,True,true,live
11,true,"For the following boolean statement, evaluate what x is: x is not not not not not not not not not not not false. Reply with exactly one lowercase word: true or false.",anthropic/claude-opus-4.7,1,,32,94,97,191,stop,true,True,true,live
11,true,"For the following boolean statement, evaluate what x is: x is not not not not not not not not not not not false. Reply with exactly one lowercase word: true or false.",moonshotai/kimi-k2.6,1,,370,68,372,440,stop,true,True, true,live
11,true,"For the following boolean statement, evaluate what x is: x is not not not not not not not not not not not false. Reply with exactly one lowercase word: true or false.",google/gemini-3.5-flash,1,,520,56,521,577,stop,true,True,true,live
12,false,"For the following boolean statement, evaluate what x is: x is not not not not not not not not not not not not false. Reply with exactly one lowercase word: true or false.",openai/gpt-5.5-pro,1,,114,67,121,188,stop,false,True,false,live
12,false,"For the following boolean statement, evaluate what x is: x is not not not not not not not not not not not not false. Reply with exactly one lowercase word: true or false.",anthropic/claude-opus-4.7,1,,38,95,57,152,stop,false,True,false,live
12,false,"For the following boolean statement, evaluate what x is: x is not not not not not not not not not not not not false. Reply with exactly one lowercase word: true or false.",moonshotai/kimi-k2.6,1,,343,68,380,448,stop,false,True,false,live
12,false,"For the following boolean statement, evaluate what x is: x is not not not not not not not not not not not not false. Reply with exactly one lowercase word: true or false.",google/gemini-3.5-flash,1,,477,57,478,535,stop,false,True,false,live
13,true,"For the following boolean statement, evaluate what x is: x is not not not not not not not not not not not not not false. Reply with exactly one lowercase word: true or false.",openai/gpt-5.5-pro,1,,275,68,282,350,stop,true,True,true,live
13,true,"For the following boolean statement, evaluate what x is: x is not not not not not not not not not not not not not false. Reply with exactly one lowercase word: true or false.",anthropic/claude-opus-4.7,1,,24,96,89,185,stop,true,True,true,live
13,true,"For the following boolean statement, evaluate what x is: x is not not not not not not not not not not not not not false. Reply with exactly one lowercase word: true or false.",moonshotai/kimi-k2.6,1,,533,70,534,604,stop,true,True,true,live
13,true,"For the following boolean statement, evaluate what x is: x is not not not not not not not not not not not not not false. Reply with exactly one lowercase word: true or false.",google/gemini-3.5-flash,1,,538,58,539,597,stop,true,True,true,live
14,false,"For the following boolean statement, evaluate what x is: x is not not not not not not not not not not not not not not false. Reply with exactly one lowercase word: true or false.",openai/gpt-5.5-pro,1,,131,69,138,207,stop,false,True,false,live
14,false,"For the following boolean statement, evaluate what x is: x is not not not not not not not not not not not not not not false. Reply with exactly one lowercase word: true or false.",anthropic/claude-opus-4.7,1,,37,97,43,140,stop,false,True,false,live
14,false,"For the following boolean statement, evaluate what x is: x is not not not not not not not not not not not not not not false. Reply with exactly one lowercase word: true or false.",moonshotai/kimi-k2.6,1,,700,71,763,834,stop,false,True, false,live
14,false,"For the following boolean statement, evaluate what x is: x is not not not not not not not not not not not not not not false. Reply with exactly one lowercase word: true or false.",google/gemini-3.5-flash,1,,994,59,995,1054,stop,false,True,false,live
15,true,"For the following boolean statement, evaluate what x is: x is not not not not not not not not not not not not not not not false. Reply with exactly one lowercase word: true or false.",openai/gpt-5.5-pro,1,,253,70,260,330,stop,true,True,true,live
15,true,"For the following boolean statement, evaluate what x is: x is not not not not not not not not not not not not not not not false. Reply with exactly one lowercase word: true or false.",anthropic/claude-opus-4.7,1,,23,98,89,187,stop,true,True,true,live
15,true,"For the following boolean statement, evaluate what x is: x is not not not not not not not not not not not not not not not false. Reply with exactly one lowercase word: true or false.",moonshotai/kimi-k2.6,1,,387,72,425,497,stop,true,True, true,live
15,true,"For the following boolean statement, evaluate what x is: x is not not not not not not not not not not not not not not not false. Reply with exactly one lowercase word: true or false.",google/gemini-3.5-flash,1,,562,60,563,623,stop,true,True,true,live
16,false,"For the following boolean statement, evaluate what x is: x is not not not not not not not not not not not not not not not not false. Reply with exactly one lowercase word: true or false.",openai/gpt-5.5-pro,1,,,,,,,,Inadmissible,"ValueError: OpenRouter response did not include choices: {'error': {'message': ""You've exceeded the rate limit, please slow down and try again after 71.561295 seconds."", 'code': 429}}",request_error
16,false,"For the following boolean statement, evaluate what x is: x is not not not not not not not not not not not not not not not not false. Reply with exactly one lowercase word: true or false.",anthropic/claude-opus-4.7,1,,45,99,56,155,stop,false,True,false,live
16,false,"For the following boolean statement, evaluate what x is: x is not not not not not not not not not not not not not not not not false. Reply with exactly one lowercase word: true or false.",moonshotai/kimi-k2.6,1,,1011,73,1109,1182,stop,false,True, false,live
16,false,"For the following boolean statement, evaluate what x is: x is not not not not not not not not not not not not not not not not false. Reply with exactly one lowercase word: true or false.",google/gemini-3.5-flash,1,,553,61,554,615,stop,false,True,false,live
17,true,"For the following boolean statement, evaluate what x is: x is not not not not not not not not not not not not not not not not not false. Reply with exactly one lowercase word: true or false.",openai/gpt-5.5-pro,1,,341,72,348,420,stop,true,True,true,live
17,true,"For the following boolean statement, evaluate what x is: x is not not not not not not not not not not not not not not not not not false. Reply with exactly one lowercase word: true or false.",anthropic/claude-opus-4.7,1,,35,100,130,230,stop,true,True,true,live
17,true,"For the following boolean statement, evaluate what x is: x is not not not not not not not not not not not not not not not not not false. Reply with exactly one lowercase word: true or false.",moonshotai/kimi-k2.6,1,,392,73,458,531,stop,true,True,true,live
17,true,"For the following boolean statement, evaluate what x is: x is not not not not not not not not not not not not not not not not not false. Reply with exactly one lowercase word: true or false.",google/gemini-3.5-flash,1,,885,62,886,948,stop,true,True,true,live
18,false,"For the following boolean statement, evaluate what x is: x is not not not not not not not not not not not not not not not not not not false. Reply with exactly one lowercase word: true or false.",openai/gpt-5.5-pro,1,,186,73,193,266,stop,false,True,false,live
18,false,"For the following boolean statement, evaluate what x is: x is not not not not not not not not not not not not not not not not not not false. Reply with exactly one lowercase word: true or false.",anthropic/claude-opus-4.7,1,,32,101,55,156,stop,false,True,false,live
18,false,"For the following boolean statement, evaluate what x is: x is not not not not not not not not not not not not not not not not not not false. Reply with exactly one lowercase word: true or false.",moonshotai/kimi-k2.6,1,,499,75,582,657,stop,false,True,false,live
18,false,"For the following boolean statement, evaluate what x is: x is not not not not not not not not not not not not not not not not not not false. Reply with exactly one lowercase word: true or false.",google/gemini-3.5-flash,1,,830,63,831,894,stop,false,True,false,live
19,true,"For the following boolean statement, evaluate what x is: x is not not not not not not not not not not not not not not not not not not not false. Reply with exactly one lowercase word: true or false.",openai/gpt-5.5-pro,1,,1491,74,1498,1572,stop,true,True,true,live
19,true,"For the following boolean statement, evaluate what x is: x is not not not not not not not not not not not not not not not not not not not false. Reply with exactly one lowercase word: true or false.",anthropic/claude-opus-4.7,1,,31,102,46,148,stop,true,True,true,live
19,true,"For the following boolean statement, evaluate what x is: x is not not not not not not not not not not not not not not not not not not not false. Reply with exactly one lowercase word: true or false.",moonshotai/kimi-k2.6,1,,2262,76,2678,2754,stop,true,True, true,live
19,true,"For the following boolean statement, evaluate what x is: x is not not not not not not not not not not not not not not not not not not not false. Reply with exactly one lowercase word: true or false.",google/gemini-3.5-flash,1,,947,64,948,1012,stop,true,True,true,live
20,false,"For the following boolean statement, evaluate what x is: x is not not not not not not not not not not not not not not not not not not not not false. Reply with exactly one lowercase word: true or false.",openai/gpt-5.5-pro,1,,198,75,205,280,stop,false,True,false,live
20,false,"For the following boolean statement, evaluate what x is: x is not not not not not not not not not not not not not not not not not not not not false. Reply with exactly one lowercase word: true or false.",anthropic/claude-opus-4.7,1,,20,103,34,137,stop,false,True,false,live
20,false,"For the following boolean statement, evaluate what x is: x is not not not not not not not not not not not not not not not not not not not not false. Reply with exactly one lowercase word: true or false.",moonshotai/kimi-k2.6,1,,528,77,531,608,stop,false,True, false,live
20,false,"For the following boolean statement, evaluate what x is: x is not not not not not not not not not not not not not not not not not not not not false. Reply with exactly one lowercase word: true or false.",google/gemini-3.5-flash,1,,592,65,593,658,stop,false,True,false,live
50,false,"For the following boolean statement, evaluate what x is: x is not not not not not not not not not not not not not not not not not not not not not not not not not not not not not not not not not not not not not not not not not not not not not not not not not not false. Reply with exactly one lowercase word: true or false.",openai/gpt-5.5-pro,1,,,,,,,,Inadmissible,Timeout waiting for model future after 60s.,request_error
50,false,"For the following boolean statement, evaluate what x is: x is not not not not not not not not not not not not not not not not not not not not not not not not not not not not not not not not not not not not not not not not not not not not not not not not not not false. Reply with exactly one lowercase word: true or false.",anthropic/claude-opus-4.7,1,,142,133,1404,1537,stop,false,True,false,live
50,false,"For the following boolean statement, evaluate what x is: x is not not not not not not not not not not not not not not not not not not not not not not not not not not not not not not not not not not not not not not not not not not not not not not not not not not false. Reply with exactly one lowercase word: true or false.",moonshotai/kimi-k2.6,1,,,,,,,,Inadmissible,Timeout waiting for model future after 60s.,request_error
50,false,"For the following boolean statement, evaluate what x is: x is not not not not not not not not not not not not not not not not not not not not not not not not not not not not not not not not not not not not not not not not not not not not not not not not not not false. Reply with exactly one lowercase word: true or false.",google/gemini-3.5-flash,1,,2121,95,2122,2217,stop,false,True,false,live
51,true,"For the following boolean statement, evaluate what x is: x is not not not not not not not not not not not not not not not not not not not not not not not not not not not not not not not not not not not not not not not not not not not not not not not not not not not false. Reply with exactly one lowercase word: true or false.",openai/gpt-5.5-pro,1,,,,,,,,Inadmissible,Timeout waiting for model future after 60s.,request_error
51,true,"For the following boolean statement, evaluate what x is: x is not not not not not not not not not not not not not not not not not not not not not not not not not not not not not not not not not not not not not not not not not not not not not not not not not not not false. Reply with exactly one lowercase word: true or false.",anthropic/claude-opus-4.7,1,,156,134,1977,2111,stop,false,False,false,live
51,true,"For the following boolean statement, evaluate what x is: x is not not not not not not not not not not not not not not not not not not not not not not not not not not not not not not not not not not not not not not not not not not not not not not not not not not not false. Reply with exactly one lowercase word: true or false.",moonshotai/kimi-k2.6,1,,,,,,,,Inadmissible,Timeout waiting for model future after 60s.,request_error
51,true,"For the following boolean statement, evaluate what x is: x is not not not not not not not not not not not not not not not not not not not not not not not not not not not not not not not not not not not not not not not not not not not not not not not not not not not false. Reply with exactly one lowercase word: true or false.",google/gemini-3.5-flash,1,,1682,96,1683,1779,stop,true,True,true,live
100,false,"For the following boolean statement, evaluate what x is: x is not not not not not not not not not not not not not not not not not not not not not not not not not not not not not not not not not not not not not not not not not not not not not not not not not not not not not not not not not not not not not not not not not not not not not not not not not not not not not not not not not not not not not not not not not not not not not not not not not not not not false. Reply with exactly one lowercase word: true or false.",openai/gpt-5.5-pro,1,,,,,,,,Inadmissible,Timeout waiting for model future after 60s.,request_error
100,false,"For the following boolean statement, evaluate what x is: x is not not not not not not not not not not not not not not not not not not not not not not not not not not not not not not not not not not not not not not not not not not not not not not not not not not not not not not not not not not not not not not not not not not not not not not not not not not not not not not not not not not not not not not not not not not not not not not not not not not not not false. Reply with exactly one lowercase word: true or false.",anthropic/claude-opus-4.7,1,,,,,,,,Inadmissible,Timeout waiting for model future after 60s.,request_error
100,false,"For the following boolean statement, evaluate what x is: x is not not not not not not not not not not not not not not not not not not not not not not not not not not not not not not not not not not not not not not not not not not not not not not not not not not not not not not not not not not not not not not not not not not not not not not not not not not not not not not not not not not not not not not not not not not not not not not not not not not not not false. Reply with exactly one lowercase word: true or false.",moonshotai/kimi-k2.6,1,,12347,157,13700,13857,stop,false,True,false,live
100,false,"For the following boolean statement, evaluate what x is: x is not not not not not not not not not not not not not not not not not not not not not not not not not not not not not not not not not not not not not not not not not not not not not not not not not not not not not not not not not not not not not not not not not not not not not not not not not not not not not not not not not not not not not not not not not not not not not not not not not not not not false. Reply with exactly one lowercase word: true or false.",google/gemini-3.5-flash,1,,4825,145,4826,4971,stop,false,True,false,live
101,true,"For the following boolean statement, evaluate what x is: x is not not not not not not not not not not not not not not not not not not not not not not not not not not not not not not not not not not not not not not not not not not not not not not not not not not not not not not not not not not not not not not not not not not not not not not not not not not not not not not not not not not not not not not not not not not not not not not not not not not not not not false. Reply with exactly one lowercase word: true or false.",openai/gpt-5.5-pro,1,,,,,,,,Inadmissible,JSONDecodeError: Expecting value: line 189 column 1 (char 1034),request_error
101,true,"For the following boolean statement, evaluate what x is: x is not not not not not not not not not not not not not not not not not not not not not not not not not not not not not not not not not not not not not not not not not not not not not not not not not not not not not not not not not not not not not not not not not not not not not not not not not not not not not not not not not not not not not not not not not not not not not not not not not not not not not false. Reply with exactly one lowercase word: true or false.",anthropic/claude-opus-4.7,1,,,,,,,,Inadmissible,Timeout waiting for model future after 60s.,request_error
101,true,"For the following boolean statement, evaluate what x is: x is not not not not not not not not not not not not not not not not not not not not not not not not not not not not not not not not not not not not not not not not not not not not not not not not not not not not not not not not not not not not not not not not not not not not not not not not not not not not not not not not not not not not not not not not not not not not not not not not not not not not not false. Reply with exactly one lowercase word: true or false.",moonshotai/kimi-k2.6,1,,,,,,,,Inadmissible,Timeout waiting for model future after 60s.,request_error
101,true,"For the following boolean statement, evaluate what x is: x is not not not not not not not not not not not not not not not not not not not not not not not not not not not not not not not not not not not not not not not not not not not not not not not not not not not not not not not not not not not not not not not not not not not not not not not not not not not not not not not not not not not not not not not not not not not not not not not not not not not not not false. Reply with exactly one lowercase word: true or false.",google/gemini-3.5-flash,1,,2619,146,2620,2766,stop,true,True,true,live
500,false,"For the following boolean statement, evaluate what x is: x is not not not not not not not not not not not not not not not not not not not not not not not not not not not not not not not not not not not not not not not not not not not not not not not not not not not not not not not not not not not not not not not not not not not not not not not not not not not not not not not not not not not not not not not not not not not not not not not not not not not not not not not not not not not not not not not not not not not not not not not not not not not not not not not not not not not not not not not not not not not not not not not not not not not not not not not not not not not not not not not not not not not not not not not not not not not not not not not not not not not not not not not not not not not not not not not not not not not not not not not not not not not not not not not not not not not not not not not not not not not not not not not not not not not not not not not not not not not not not not not not not not not not not not not not not not not not not not not not not not not not not not not not not not not not not not not not not not not not not not not not not not not not not not not not not not not not not not not not not not not not not not not not not not not not not not not not not not not not not not not not not not not not not not not not not not not not not not not not not not not not not not not not not not not not not not not not not not not not not not not not not not not not not not not not not not not not not not not not not not not not not not not not not not not not not not not not not not not not not not not not not not not not not not not not not not not not not not not not not not not not not not not not not not not not not not not not not not not not not not not not not not not not not not not not not not not not not not not not not not not not not not not not not not not not not not not not not not not not not not not not not not not not not not not not not not not not not not not not not not not not false. Reply with exactly one lowercase word: true or false.",openai/gpt-5.5-pro,1,,,,,,,,Inadmissible,Timeout waiting for model future after 60s.,request_error
500,false,"For the following boolean statement, evaluate what x is: x is not not not not not not not not not not not not not not not not not not not not not not not not not not not not not not not not not not not not not not not not not not not not not not not not not not not not not not not not not not not not not not not not not not not not not not not not not not not not not not not not not not not not not not not not not not not not not not not not not not not not not not not not not not not not not not not not not not not not not not not not not not not not not not not not not not not not not not not not not not not not not not not not not not not not not not not not not not not not not not not not not not not not not not not not not not not not not not not not not not not not not not not not not not not not not not not not not not not not not not not not not not not not not not not not not not not not not not not not not not not not not not not not not not not not not not not not not not not not not not not not not not not not not not not not not not not not not not not not not not not not not not not not not not not not not not not not not not not not not not not not not not not not not not not not not not not not not not not not not not not not not not not not not not not not not not not not not not not not not not not not not not not not not not not not not not not not not not not not not not not not not not not not not not not not not not not not not not not not not not not not not not not not not not not not not not not not not not not not not not not not not not not not not not not not not not not not not not not not not not not not not not not not not not not not not not not not not not not not not not not not not not not not not not not not not not not not not not not not not not not not not not not not not not not not not not not not not not not not not not not not not not not not not not not not not not not not not not not not not not not not not not not not not not not not not not not not not not not not not not not not false. Reply with exactly one lowercase word: true or false.",anthropic/claude-opus-4.7,1,,358,583,4406,4989,stop,false,True,false,live
500,false,"For the following boolean statement, evaluate what x is: x is not not not not not not not not not not not not not not not not not not not not not not not not not not not not not not not not not not not not not not not not not not not not not not not not not not not not not not not not not not not not not not not not not not not not not not not not not not not not not not not not not not not not not not not not not not not not not not not not not not not not not not not not not not not not not not not not not not not not not not not not not not not not not not not not not not not not not not not not not not not not not not not not not not not not not not not not not not not not not not not not not not not not not not not not not not not not not not not not not not not not not not not not not not not not not not not not not not not not not not not not not not not not not not not not not not not not not not not not not not not not not not not not not not not not not not not not not not not not not not not not not not not not not not not not not not not not not not not not not not not not not not not not not not not not not not not not not not not not not not not not not not not not not not not not not not not not not not not not not not not not not not not not not not not not not not not not not not not not not not not not not not not not not not not not not not not not not not not not not not not not not not not not not not not not not not not not not not not not not not not not not not not not not not not not not not not not not not not not not not not not not not not not not not not not not not not not not not not not not not not not not not not not not not not not not not not not not not not not not not not not not not not not not not not not not not not not not not not not not not not not not not not not not not not not not not not not not not not not not not not not not not not not not not not not not not not not not not not not not not not not not not not not not not not not not not not not not not not not not not not not false. Reply with exactly one lowercase word: true or false.",moonshotai/kimi-k2.6,1,,,,,,,,Inadmissible,Timeout waiting for model future after 60s.,request_error
500,false,"For the following boolean statement, evaluate what x is: x is not not not not not not not not not not not not not not not not not not not not not not not not not not not not not not not not not not not not not not not not not not not not not not not not not not not not not not not not not not not not not not not not not not not not not not not not not not not not not not not not not not not not not not not not not not not not not not not not not not not not not not not not not not not not not not not not not not not not not not not not not not not not not not not not not not not not not not not not not not not not not not not not not not not not not not not not not not not not not not not not not not not not not not not not not not not not not not not not not not not not not not not not not not not not not not not not not not not not not not not not not not not not not not not not not not not not not not not not not not not not not not not not not not not not not not not not not not not not not not not not not not not not not not not not not not not not not not not not not not not not not not not not not not not not not not not not not not not not not not not not not not not not not not not not not not not not not not not not not not not not not not not not not not not not not not not not not not not not not not not not not not not not not not not not not not not not not not not not not not not not not not not not not not not not not not not not not not not not not not not not not not not not not not not not not not not not not not not not not not not not not not not not not not not not not not not not not not not not not not not not not not not not not not not not not not not not not not not not not not not not not not not not not not not not not not not not not not not not not not not not not not not not not not not not not not not not not not not not not not not not not not not not not not not not not not not not not not not not not not not not not not not not not not not not not not not not not not not not not not not not false. Reply with exactly one lowercase word: true or false.",google/gemini-3.5-flash,1,,22781,545,22782,23327,stop,false,True,false,live
501,true,"For the following boolean statement, evaluate what x is: x is not not not not not not not not not not not not not not not not not not not not not not not not not not not not not not not not not not not not not not not not not not not not not not not not not not not not not not not not not not not not not not not not not not not not not not not not not not not not not not not not not not not not not not not not not not not not not not not not not not not not not not not not not not not not not not not not not not not not not not not not not not not not not not not not not not not not not not not not not not not not not not not not not not not not not not not not not not not not not not not not not not not not not not not not not not not not not not not not not not not not not not not not not not not not not not not not not not not not not not not not not not not not not not not not not not not not not not not not not not not not not not not not not not not not not not not not not not not not not not not not not not not not not not not not not not not not not not not not not not not not not not not not not not not not not not not not not not not not not not not not not not not not not not not not not not not not not not not not not not not not not not not not not not not not not not not not not not not not not not not not not not not not not not not not not not not not not not not not not not not not not not not not not not not not not not not not not not not not not not not not not not not not not not not not not not not not not not not not not not not not not not not not not not not not not not not not not not not not not not not not not not not not not not not not not not not not not not not not not not not not not not not not not not not not not not not not not not not not not not not not not not not not not not not not not not not not not not not not not not not not not not not not not not not not not not not not not not not not not not not not not not not not not not not not not not not not not not not not not not not not not false. Reply with exactly one lowercase word: true or false.",openai/gpt-5.5-pro,1,,,,,,,,Inadmissible,Timeout waiting for model future after 60s.,request_error
501,true,"For the following boolean statement, evaluate what x is: x is not not not not not not not not not not not not not not not not not not not not not not not not not not not not not not not not not not not not not not not not not not not not not not not not not not not not not not not not not not not not not not not not not not not not not not not not not not not not not not not not not not not not not not not not not not not not not not not not not not not not not not not not not not not not not not not not not not not not not not not not not not not not not not not not not not not not not not not not not not not not not not not not not not not not not not not not not not not not not not not not not not not not not not not not not not not not not not not not not not not not not not not not not not not not not not not not not not not not not not not not not not not not not not not not not not not not not not not not not not not not not not not not not not not not not not not not not not not not not not not not not not not not not not not not not not not not not not not not not not not not not not not not not not not not not not not not not not not not not not not not not not not not not not not not not not not not not not not not not not not not not not not not not not not not not not not not not not not not not not not not not not not not not not not not not not not not not not not not not not not not not not not not not not not not not not not not not not not not not not not not not not not not not not not not not not not not not not not not not not not not not not not not not not not not not not not not not not not not not not not not not not not not not not not not not not not not not not not not not not not not not not not not not not not not not not not not not not not not not not not not not not not not not not not not not not not not not not not not not not not not not not not not not not not not not not not not not not not not not not not not not not not not not not not not not not not not not not not not not not not not not false. Reply with exactly one lowercase word: true or false.",anthropic/claude-opus-4.7,1,,602,584,8521,9105,stop,true,True,true,live
501,true,"For the following boolean statement, evaluate what x is: x is not not not not not not not not not not not not not not not not not not not not not not not not not not not not not not not not not not not not not not not not not not not not not not not not not not not not not not not not not not not not not not not not not not not not not not not not not not not not not not not not not not not not not not not not not not not not not not not not not not not not not not not not not not not not not not not not not not not not not not not not not not not not not not not not not not not not not not not not not not not not not not not not not not not not not not not not not not not not not not not not not not not not not not not not not not not not not not not not not not not not not not not not not not not not not not not not not not not not not not not not not not not not not not not not not not not not not not not not not not not not not not not not not not not not not not not not not not not not not not not not not not not not not not not not not not not not not not not not not not not not not not not not not not not not not not not not not not not not not not not not not not not not not not not not not not not not not not not not not not not not not not not not not not not not not not not not not not not not not not not not not not not not not not not not not not not not not not not not not not not not not not not not not not not not not not not not not not not not not not not not not not not not not not not not not not not not not not not not not not not not not not not not not not not not not not not not not not not not not not not not not not not not not not not not not not not not not not not not not not not not not not not not not not not not not not not not not not not not not not not not not not not not not not not not not not not not not not not not not not not not not not not not not not not not not not not not not not not not not not not not not not not not not not not not not not not not not not not not not not not not not false. Reply with exactly one lowercase word: true or false.",moonshotai/kimi-k2.6,1,,,,,,,,Inadmissible,Timeout waiting for model future after 60s.,request_error
501,true,"For the following boolean statement, evaluate what x is: x is not not not not not not not not not not not not not not not not not not not not not not not not not not not not not not not not not not not not not not not not not not not not not not not not not not not not not not not not not not not not not not not not not not not not not not not not not not not not not not not not not not not not not not not not not not not not not not not not not not not not not not not not not not not not not not not not not not not not not not not not not not not not not not not not not not not not not not not not not not not not not not not not not not not not not not not not not not not not not not not not not not not not not not not not not not not not not not not not not not not not not not not not not not not not not not not not not not not not not not not not not not not not not not not not not not not not not not not not not not not not not not not not not not not not not not not not not not not not not not not not not not not not not not not not not not not not not not not not not not not not not not not not not not not not not not not not not not not not not not not not not not not not not not not not not not not not not not not not not not not not not not not not not not not not not not not not not not not not not not not not not not not not not not not not not not not not not not not not not not not not not not not not not not not not not not not not not not not not not not not not not not not not not not not not not not not not not not not not not not not not not not not not not not not not not not not not not not not not not not not not not not not not not not not not not not not not not not not not not not not not not not not not not not not not not not not not not not not not not not not not not not not not not not not not not not not not not not not not not not not not not not not not not not not not not not not not not not not not not not not not not not not not not not not not not not not not not not not not not not not not not false. Reply with exactly one lowercase word: true or false.",google/gemini-3.5-flash,1,,10952,546,10953,11499,stop,false,False,false,live
