"{""max_tokens"": 8192, ""max_workers"": 4, ""measure_performance"": false, ""models"": [""openai/gpt-5.5-pro"", ""anthropic/claude-opus-4.7"", ""moonshotai/kimi-k2.6""], ""questions_csv"": ""Questions/questions_pie.csv"", ""runs_per_question"": 5, ""use_redis_cache"": false}"
NegationCount,ExpectedAnswer,Question,model,run_index,max_tokens,reasoning_tokens,answer,matches_expected,raw_response,response_source
0,warm,"A pie can be either warm or cold. You are given a pie, and you feel that it is warm. Is it warm or cold? Answer with exactly one word.",openai/gpt-5.5-pro,1,8192,42,warm,True,warm,live
0,warm,"A pie can be either warm or cold. You are given a pie, and you feel that it is warm. Is it warm or cold? Answer with exactly one word.",openai/gpt-5.5-pro,2,8192,86,warm,True,warm,live
0,warm,"A pie can be either warm or cold. You are given a pie, and you feel that it is warm. Is it warm or cold? Answer with exactly one word.",openai/gpt-5.5-pro,3,8192,67,warm,True,warm,live
0,warm,"A pie can be either warm or cold. You are given a pie, and you feel that it is warm. Is it warm or cold? Answer with exactly one word.",openai/gpt-5.5-pro,4,8192,56,warm,True,Warm,live
0,warm,"A pie can be either warm or cold. You are given a pie, and you feel that it is warm. Is it warm or cold? Answer with exactly one word.",openai/gpt-5.5-pro,5,8192,100,warm,True,warm,live
0,warm,"A pie can be either warm or cold. You are given a pie, and you feel that it is warm. Is it warm or cold? Answer with exactly one word.",anthropic/claude-opus-4.7,1,8192,0,warm,True,Warm,live
0,warm,"A pie can be either warm or cold. You are given a pie, and you feel that it is warm. Is it warm or cold? Answer with exactly one word.",anthropic/claude-opus-4.7,2,8192,0,warm,True,Warm,live
0,warm,"A pie can be either warm or cold. You are given a pie, and you feel that it is warm. Is it warm or cold? Answer with exactly one word.",anthropic/claude-opus-4.7,3,8192,0,warm,True,Warm,live
0,warm,"A pie can be either warm or cold. You are given a pie, and you feel that it is warm. Is it warm or cold? Answer with exactly one word.",anthropic/claude-opus-4.7,4,8192,0,warm,True,Warm,live
0,warm,"A pie can be either warm or cold. You are given a pie, and you feel that it is warm. Is it warm or cold? Answer with exactly one word.",anthropic/claude-opus-4.7,5,8192,0,warm,True,Warm,live
0,warm,"A pie can be either warm or cold. You are given a pie, and you feel that it is warm. Is it warm or cold? Answer with exactly one word.",moonshotai/kimi-k2.6,1,8192,377,warm,True, Warm,live
0,warm,"A pie can be either warm or cold. You are given a pie, and you feel that it is warm. Is it warm or cold? Answer with exactly one word.",moonshotai/kimi-k2.6,2,8192,474,warm,True,Warm,live
0,warm,"A pie can be either warm or cold. You are given a pie, and you feel that it is warm. Is it warm or cold? Answer with exactly one word.",moonshotai/kimi-k2.6,3,8192,248,warm,True,Warm,live
0,warm,"A pie can be either warm or cold. You are given a pie, and you feel that it is warm. Is it warm or cold? Answer with exactly one word.",moonshotai/kimi-k2.6,4,8192,335,warm,True,Warm,live
0,warm,"A pie can be either warm or cold. You are given a pie, and you feel that it is warm. Is it warm or cold? Answer with exactly one word.",moonshotai/kimi-k2.6,5,8192,218,warm,True,Warm,live
1,cold,"A pie can be either warm or cold. You are given a pie, and you feel that it is not warm. Is it warm or cold? Answer with exactly one word.",openai/gpt-5.5-pro,1,8192,74,cold,True,Cold,live
1,cold,"A pie can be either warm or cold. You are given a pie, and you feel that it is not warm. Is it warm or cold? Answer with exactly one word.",openai/gpt-5.5-pro,2,8192,108,cold,True,cold,live
1,cold,"A pie can be either warm or cold. You are given a pie, and you feel that it is not warm. Is it warm or cold? Answer with exactly one word.",openai/gpt-5.5-pro,3,8192,102,cold,True,cold,live
1,cold,"A pie can be either warm or cold. You are given a pie, and you feel that it is not warm. Is it warm or cold? Answer with exactly one word.",openai/gpt-5.5-pro,4,8192,100,cold,True,cold,live
1,cold,"A pie can be either warm or cold. You are given a pie, and you feel that it is not warm. Is it warm or cold? Answer with exactly one word.",openai/gpt-5.5-pro,5,8192,88,cold,True,cold,live
1,cold,"A pie can be either warm or cold. You are given a pie, and you feel that it is not warm. Is it warm or cold? Answer with exactly one word.",anthropic/claude-opus-4.7,1,8192,0,cold,True,Cold,live
1,cold,"A pie can be either warm or cold. You are given a pie, and you feel that it is not warm. Is it warm or cold? Answer with exactly one word.",anthropic/claude-opus-4.7,2,8192,0,cold,True,Cold,live
1,cold,"A pie can be either warm or cold. You are given a pie, and you feel that it is not warm. Is it warm or cold? Answer with exactly one word.",anthropic/claude-opus-4.7,3,8192,0,cold,True,Cold,live
1,cold,"A pie can be either warm or cold. You are given a pie, and you feel that it is not warm. Is it warm or cold? Answer with exactly one word.",anthropic/claude-opus-4.7,4,8192,0,cold,True,Cold,live
1,cold,"A pie can be either warm or cold. You are given a pie, and you feel that it is not warm. Is it warm or cold? Answer with exactly one word.",anthropic/claude-opus-4.7,5,8192,0,cold,True,Cold,live
1,cold,"A pie can be either warm or cold. You are given a pie, and you feel that it is not warm. Is it warm or cold? Answer with exactly one word.",moonshotai/kimi-k2.6,1,8192,334,cold,True, Cold,live
1,cold,"A pie can be either warm or cold. You are given a pie, and you feel that it is not warm. Is it warm or cold? Answer with exactly one word.",moonshotai/kimi-k2.6,2,8192,91,cold,True,Cold,live
1,cold,"A pie can be either warm or cold. You are given a pie, and you feel that it is not warm. Is it warm or cold? Answer with exactly one word.",moonshotai/kimi-k2.6,3,8192,122,cold,True, Cold,live
1,cold,"A pie can be either warm or cold. You are given a pie, and you feel that it is not warm. Is it warm or cold? Answer with exactly one word.",moonshotai/kimi-k2.6,4,8192,221,cold,True,Cold,live
1,cold,"A pie can be either warm or cold. You are given a pie, and you feel that it is not warm. Is it warm or cold? Answer with exactly one word.",moonshotai/kimi-k2.6,5,8192,584,cold,True,Cold,live
2,warm,"A pie can be either warm or cold. You are given a pie, and you feel that it is not not warm. Is it warm or cold? Answer with exactly one word.",openai/gpt-5.5-pro,1,8192,163,warm,True,warm,live
2,warm,"A pie can be either warm or cold. You are given a pie, and you feel that it is not not warm. Is it warm or cold? Answer with exactly one word.",openai/gpt-5.5-pro,2,8192,98,warm,True,warm,live
2,warm,"A pie can be either warm or cold. You are given a pie, and you feel that it is not not warm. Is it warm or cold? Answer with exactly one word.",openai/gpt-5.5-pro,3,8192,95,warm,True,warm,live
2,warm,"A pie can be either warm or cold. You are given a pie, and you feel that it is not not warm. Is it warm or cold? Answer with exactly one word.",openai/gpt-5.5-pro,4,8192,84,warm,True,warm,live
2,warm,"A pie can be either warm or cold. You are given a pie, and you feel that it is not not warm. Is it warm or cold? Answer with exactly one word.",openai/gpt-5.5-pro,5,8192,135,warm,True,warm,live
2,warm,"A pie can be either warm or cold. You are given a pie, and you feel that it is not not warm. Is it warm or cold? Answer with exactly one word.",anthropic/claude-opus-4.7,1,8192,0,warm,True,Warm,live
2,warm,"A pie can be either warm or cold. You are given a pie, and you feel that it is not not warm. Is it warm or cold? Answer with exactly one word.",anthropic/claude-opus-4.7,2,8192,0,warm,True,Warm,live
2,warm,"A pie can be either warm or cold. You are given a pie, and you feel that it is not not warm. Is it warm or cold? Answer with exactly one word.",anthropic/claude-opus-4.7,3,8192,0,warm,True,Warm,live
2,warm,"A pie can be either warm or cold. You are given a pie, and you feel that it is not not warm. Is it warm or cold? Answer with exactly one word.",anthropic/claude-opus-4.7,4,8192,0,warm,True,Warm,live
2,warm,"A pie can be either warm or cold. You are given a pie, and you feel that it is not not warm. Is it warm or cold? Answer with exactly one word.",anthropic/claude-opus-4.7,5,8192,0,warm,True,Warm,live
2,warm,"A pie can be either warm or cold. You are given a pie, and you feel that it is not not warm. Is it warm or cold? Answer with exactly one word.",moonshotai/kimi-k2.6,1,8192,331,warm,True, Warm,live
2,warm,"A pie can be either warm or cold. You are given a pie, and you feel that it is not not warm. Is it warm or cold? Answer with exactly one word.",moonshotai/kimi-k2.6,2,8192,78,warm,True,Warm,live
2,warm,"A pie can be either warm or cold. You are given a pie, and you feel that it is not not warm. Is it warm or cold? Answer with exactly one word.",moonshotai/kimi-k2.6,3,8192,394,warm,True,Warm,live
2,warm,"A pie can be either warm or cold. You are given a pie, and you feel that it is not not warm. Is it warm or cold? Answer with exactly one word.",moonshotai/kimi-k2.6,4,8192,501,warm,True,Warm,live
2,warm,"A pie can be either warm or cold. You are given a pie, and you feel that it is not not warm. Is it warm or cold? Answer with exactly one word.",moonshotai/kimi-k2.6,5,8192,68,warm,True,Warm,live
3,cold,"A pie can be either warm or cold. You are given a pie, and you feel that it is not not not warm. Is it warm or cold? Answer with exactly one word.",openai/gpt-5.5-pro,1,8192,85,cold,True,cold,live
3,cold,"A pie can be either warm or cold. You are given a pie, and you feel that it is not not not warm. Is it warm or cold? Answer with exactly one word.",openai/gpt-5.5-pro,2,8192,80,cold,True,cold,live
3,cold,"A pie can be either warm or cold. You are given a pie, and you feel that it is not not not warm. Is it warm or cold? Answer with exactly one word.",openai/gpt-5.5-pro,3,8192,100,cold,True,cold,live
3,cold,"A pie can be either warm or cold. You are given a pie, and you feel that it is not not not warm. Is it warm or cold? Answer with exactly one word.",openai/gpt-5.5-pro,4,8192,109,cold,True,cold,live
3,cold,"A pie can be either warm or cold. You are given a pie, and you feel that it is not not not warm. Is it warm or cold? Answer with exactly one word.",openai/gpt-5.5-pro,5,8192,105,cold,True,cold,live
3,cold,"A pie can be either warm or cold. You are given a pie, and you feel that it is not not not warm. Is it warm or cold? Answer with exactly one word.",anthropic/claude-opus-4.7,1,8192,0,cold,True,Cold,live
3,cold,"A pie can be either warm or cold. You are given a pie, and you feel that it is not not not warm. Is it warm or cold? Answer with exactly one word.",anthropic/claude-opus-4.7,2,8192,0,cold,True,Cold,live
3,cold,"A pie can be either warm or cold. You are given a pie, and you feel that it is not not not warm. Is it warm or cold? Answer with exactly one word.",anthropic/claude-opus-4.7,3,8192,0,cold,True,Cold,live
3,cold,"A pie can be either warm or cold. You are given a pie, and you feel that it is not not not warm. Is it warm or cold? Answer with exactly one word.",anthropic/claude-opus-4.7,4,8192,0,cold,True,Cold,live
3,cold,"A pie can be either warm or cold. You are given a pie, and you feel that it is not not not warm. Is it warm or cold? Answer with exactly one word.",anthropic/claude-opus-4.7,5,8192,0,cold,True,Cold,live
3,cold,"A pie can be either warm or cold. You are given a pie, and you feel that it is not not not warm. Is it warm or cold? Answer with exactly one word.",moonshotai/kimi-k2.6,1,8192,259,cold,True,cold,live
3,cold,"A pie can be either warm or cold. You are given a pie, and you feel that it is not not not warm. Is it warm or cold? Answer with exactly one word.",moonshotai/kimi-k2.6,2,8192,196,cold,True,Cold,live
3,cold,"A pie can be either warm or cold. You are given a pie, and you feel that it is not not not warm. Is it warm or cold? Answer with exactly one word.",moonshotai/kimi-k2.6,3,8192,239,cold,True, cold,live
3,cold,"A pie can be either warm or cold. You are given a pie, and you feel that it is not not not warm. Is it warm or cold? Answer with exactly one word.",moonshotai/kimi-k2.6,4,8192,454,cold,True, Cold,live
3,cold,"A pie can be either warm or cold. You are given a pie, and you feel that it is not not not warm. Is it warm or cold? Answer with exactly one word.",moonshotai/kimi-k2.6,5,8192,357,cold,True,Cold,live
4,warm,"A pie can be either warm or cold. You are given a pie, and you feel that it is not not not not warm. Is it warm or cold? Answer with exactly one word.",openai/gpt-5.5-pro,1,8192,79,warm,True,warm,live
4,warm,"A pie can be either warm or cold. You are given a pie, and you feel that it is not not not not warm. Is it warm or cold? Answer with exactly one word.",openai/gpt-5.5-pro,2,8192,80,warm,True,warm,live
4,warm,"A pie can be either warm or cold. You are given a pie, and you feel that it is not not not not warm. Is it warm or cold? Answer with exactly one word.",openai/gpt-5.5-pro,3,8192,94,warm,True,warm,live
4,warm,"A pie can be either warm or cold. You are given a pie, and you feel that it is not not not not warm. Is it warm or cold? Answer with exactly one word.",openai/gpt-5.5-pro,4,8192,83,warm,True,warm,live
4,warm,"A pie can be either warm or cold. You are given a pie, and you feel that it is not not not not warm. Is it warm or cold? Answer with exactly one word.",openai/gpt-5.5-pro,5,8192,71,warm,True,warm,live
4,warm,"A pie can be either warm or cold. You are given a pie, and you feel that it is not not not not warm. Is it warm or cold? Answer with exactly one word.",anthropic/claude-opus-4.7,1,8192,0,warm,True,Warm,live
4,warm,"A pie can be either warm or cold. You are given a pie, and you feel that it is not not not not warm. Is it warm or cold? Answer with exactly one word.",anthropic/claude-opus-4.7,2,8192,0,warm,True,Warm,live
4,warm,"A pie can be either warm or cold. You are given a pie, and you feel that it is not not not not warm. Is it warm or cold? Answer with exactly one word.",anthropic/claude-opus-4.7,3,8192,0,warm,True,Warm,live
4,warm,"A pie can be either warm or cold. You are given a pie, and you feel that it is not not not not warm. Is it warm or cold? Answer with exactly one word.",anthropic/claude-opus-4.7,4,8192,0,warm,True,Warm,live
4,warm,"A pie can be either warm or cold. You are given a pie, and you feel that it is not not not not warm. Is it warm or cold? Answer with exactly one word.",anthropic/claude-opus-4.7,5,8192,0,warm,True,Warm,live
4,warm,"A pie can be either warm or cold. You are given a pie, and you feel that it is not not not not warm. Is it warm or cold? Answer with exactly one word.",moonshotai/kimi-k2.6,1,8192,386,warm,True, Warm,live
4,warm,"A pie can be either warm or cold. You are given a pie, and you feel that it is not not not not warm. Is it warm or cold? Answer with exactly one word.",moonshotai/kimi-k2.6,2,8192,208,warm,True, Warm,live
4,warm,"A pie can be either warm or cold. You are given a pie, and you feel that it is not not not not warm. Is it warm or cold? Answer with exactly one word.",moonshotai/kimi-k2.6,3,8192,339,warm,True, Warm,live
4,warm,"A pie can be either warm or cold. You are given a pie, and you feel that it is not not not not warm. Is it warm or cold? Answer with exactly one word.",moonshotai/kimi-k2.6,4,8192,228,warm,True, warm,live
4,warm,"A pie can be either warm or cold. You are given a pie, and you feel that it is not not not not warm. Is it warm or cold? Answer with exactly one word.",moonshotai/kimi-k2.6,5,8192,119,warm,True, warm,live
5,cold,"A pie can be either warm or cold. You are given a pie, and you feel that it is not not not not not warm. Is it warm or cold? Answer with exactly one word.",openai/gpt-5.5-pro,1,8192,126,cold,True,cold,live
5,cold,"A pie can be either warm or cold. You are given a pie, and you feel that it is not not not not not warm. Is it warm or cold? Answer with exactly one word.",openai/gpt-5.5-pro,2,8192,65,cold,True,cold,live
5,cold,"A pie can be either warm or cold. You are given a pie, and you feel that it is not not not not not warm. Is it warm or cold? Answer with exactly one word.",openai/gpt-5.5-pro,3,8192,98,cold,True,cold,live
5,cold,"A pie can be either warm or cold. You are given a pie, and you feel that it is not not not not not warm. Is it warm or cold? Answer with exactly one word.",openai/gpt-5.5-pro,4,8192,109,cold,True,cold,live
5,cold,"A pie can be either warm or cold. You are given a pie, and you feel that it is not not not not not warm. Is it warm or cold? Answer with exactly one word.",openai/gpt-5.5-pro,5,8192,99,cold,True,cold,live
5,cold,"A pie can be either warm or cold. You are given a pie, and you feel that it is not not not not not warm. Is it warm or cold? Answer with exactly one word.",anthropic/claude-opus-4.7,1,8192,0,warm,False,Warm,live
5,cold,"A pie can be either warm or cold. You are given a pie, and you feel that it is not not not not not warm. Is it warm or cold? Answer with exactly one word.",anthropic/claude-opus-4.7,2,8192,0,warm,False,Warm,live
5,cold,"A pie can be either warm or cold. You are given a pie, and you feel that it is not not not not not warm. Is it warm or cold? Answer with exactly one word.",anthropic/claude-opus-4.7,3,8192,0,warm,False,Warm,live
5,cold,"A pie can be either warm or cold. You are given a pie, and you feel that it is not not not not not warm. Is it warm or cold? Answer with exactly one word.",anthropic/claude-opus-4.7,4,8192,0,warm,False,Warm,live
5,cold,"A pie can be either warm or cold. You are given a pie, and you feel that it is not not not not not warm. Is it warm or cold? Answer with exactly one word.",anthropic/claude-opus-4.7,5,8192,0,warm,False,Warm,live
5,cold,"A pie can be either warm or cold. You are given a pie, and you feel that it is not not not not not warm. Is it warm or cold? Answer with exactly one word.",moonshotai/kimi-k2.6,1,8192,241,cold,True, Cold,live
5,cold,"A pie can be either warm or cold. You are given a pie, and you feel that it is not not not not not warm. Is it warm or cold? Answer with exactly one word.",moonshotai/kimi-k2.6,2,8192,592,cold,True, Cold,live
5,cold,"A pie can be either warm or cold. You are given a pie, and you feel that it is not not not not not warm. Is it warm or cold? Answer with exactly one word.",moonshotai/kimi-k2.6,3,8192,265,cold,True, cold,live
5,cold,"A pie can be either warm or cold. You are given a pie, and you feel that it is not not not not not warm. Is it warm or cold? Answer with exactly one word.",moonshotai/kimi-k2.6,4,8192,210,warm,False, warm,live
5,cold,"A pie can be either warm or cold. You are given a pie, and you feel that it is not not not not not warm. Is it warm or cold? Answer with exactly one word.",moonshotai/kimi-k2.6,5,8192,810,cold,True,Cold,live
6,warm,"A pie can be either warm or cold. You are given a pie, and you feel that it is not not not not not not warm. Is it warm or cold? Answer with exactly one word.",openai/gpt-5.5-pro,1,8192,115,warm,True,warm,live
6,warm,"A pie can be either warm or cold. You are given a pie, and you feel that it is not not not not not not warm. Is it warm or cold? Answer with exactly one word.",openai/gpt-5.5-pro,2,8192,91,warm,True,warm,live
6,warm,"A pie can be either warm or cold. You are given a pie, and you feel that it is not not not not not not warm. Is it warm or cold? Answer with exactly one word.",openai/gpt-5.5-pro,3,8192,91,warm,True,warm,live
6,warm,"A pie can be either warm or cold. You are given a pie, and you feel that it is not not not not not not warm. Is it warm or cold? Answer with exactly one word.",openai/gpt-5.5-pro,4,8192,114,warm,True,warm,live
6,warm,"A pie can be either warm or cold. You are given a pie, and you feel that it is not not not not not not warm. Is it warm or cold? Answer with exactly one word.",openai/gpt-5.5-pro,5,8192,74,warm,True,warm,live
6,warm,"A pie can be either warm or cold. You are given a pie, and you feel that it is not not not not not not warm. Is it warm or cold? Answer with exactly one word.",anthropic/claude-opus-4.7,1,8192,0,warm,True,Warm,live
6,warm,"A pie can be either warm or cold. You are given a pie, and you feel that it is not not not not not not warm. Is it warm or cold? Answer with exactly one word.",anthropic/claude-opus-4.7,2,8192,0,warm,True,Warm,live
6,warm,"A pie can be either warm or cold. You are given a pie, and you feel that it is not not not not not not warm. Is it warm or cold? Answer with exactly one word.",anthropic/claude-opus-4.7,3,8192,0,warm,True,Warm,live
6,warm,"A pie can be either warm or cold. You are given a pie, and you feel that it is not not not not not not warm. Is it warm or cold? Answer with exactly one word.",anthropic/claude-opus-4.7,4,8192,0,warm,True,Warm,live
6,warm,"A pie can be either warm or cold. You are given a pie, and you feel that it is not not not not not not warm. Is it warm or cold? Answer with exactly one word.",anthropic/claude-opus-4.7,5,8192,0,warm,True,Warm,live
6,warm,"A pie can be either warm or cold. You are given a pie, and you feel that it is not not not not not not warm. Is it warm or cold? Answer with exactly one word.",moonshotai/kimi-k2.6,1,8192,415,warm,True, Warm,live
6,warm,"A pie can be either warm or cold. You are given a pie, and you feel that it is not not not not not not warm. Is it warm or cold? Answer with exactly one word.",moonshotai/kimi-k2.6,2,8192,220,warm,True,Warm,live
6,warm,"A pie can be either warm or cold. You are given a pie, and you feel that it is not not not not not not warm. Is it warm or cold? Answer with exactly one word.",moonshotai/kimi-k2.6,3,8192,291,warm,True,Warm,live
6,warm,"A pie can be either warm or cold. You are given a pie, and you feel that it is not not not not not not warm. Is it warm or cold? Answer with exactly one word.",moonshotai/kimi-k2.6,4,8192,395,warm,True,Warm,live
6,warm,"A pie can be either warm or cold. You are given a pie, and you feel that it is not not not not not not warm. Is it warm or cold? Answer with exactly one word.",moonshotai/kimi-k2.6,5,8192,210,warm,True,warm,live
7,cold,"A pie can be either warm or cold. You are given a pie, and you feel that it is not not not not not not not warm. Is it warm or cold? Answer with exactly one word.",openai/gpt-5.5-pro,1,8192,131,cold,True,cold,live
7,cold,"A pie can be either warm or cold. You are given a pie, and you feel that it is not not not not not not not warm. Is it warm or cold? Answer with exactly one word.",openai/gpt-5.5-pro,2,8192,97,cold,True,cold,live
7,cold,"A pie can be either warm or cold. You are given a pie, and you feel that it is not not not not not not not warm. Is it warm or cold? Answer with exactly one word.",openai/gpt-5.5-pro,3,8192,127,cold,True,cold,live
7,cold,"A pie can be either warm or cold. You are given a pie, and you feel that it is not not not not not not not warm. Is it warm or cold? Answer with exactly one word.",openai/gpt-5.5-pro,4,8192,100,cold,True,cold,live
7,cold,"A pie can be either warm or cold. You are given a pie, and you feel that it is not not not not not not not warm. Is it warm or cold? Answer with exactly one word.",openai/gpt-5.5-pro,5,8192,95,cold,True,cold,live
7,cold,"A pie can be either warm or cold. You are given a pie, and you feel that it is not not not not not not not warm. Is it warm or cold? Answer with exactly one word.",anthropic/claude-opus-4.7,1,8192,0,warm,False,Warm,live
7,cold,"A pie can be either warm or cold. You are given a pie, and you feel that it is not not not not not not not warm. Is it warm or cold? Answer with exactly one word.",anthropic/claude-opus-4.7,2,8192,0,warm,False,Warm,live
7,cold,"A pie can be either warm or cold. You are given a pie, and you feel that it is not not not not not not not warm. Is it warm or cold? Answer with exactly one word.",anthropic/claude-opus-4.7,3,8192,0,warm,False,Warm,live
7,cold,"A pie can be either warm or cold. You are given a pie, and you feel that it is not not not not not not not warm. Is it warm or cold? Answer with exactly one word.",anthropic/claude-opus-4.7,4,8192,0,warm,False,Warm,live
7,cold,"A pie can be either warm or cold. You are given a pie, and you feel that it is not not not not not not not warm. Is it warm or cold? Answer with exactly one word.",anthropic/claude-opus-4.7,5,8192,0,warm,False,Warm,live
7,cold,"A pie can be either warm or cold. You are given a pie, and you feel that it is not not not not not not not warm. Is it warm or cold? Answer with exactly one word.",moonshotai/kimi-k2.6,1,8192,434,cold,True, Cold,live
7,cold,"A pie can be either warm or cold. You are given a pie, and you feel that it is not not not not not not not warm. Is it warm or cold? Answer with exactly one word.",moonshotai/kimi-k2.6,2,8192,402,cold,True,Cold,live
7,cold,"A pie can be either warm or cold. You are given a pie, and you feel that it is not not not not not not not warm. Is it warm or cold? Answer with exactly one word.",moonshotai/kimi-k2.6,3,8192,819,cold,True, Cold,live
7,cold,"A pie can be either warm or cold. You are given a pie, and you feel that it is not not not not not not not warm. Is it warm or cold? Answer with exactly one word.",moonshotai/kimi-k2.6,4,8192,409,cold,True, Cold,live
7,cold,"A pie can be either warm or cold. You are given a pie, and you feel that it is not not not not not not not warm. Is it warm or cold? Answer with exactly one word.",moonshotai/kimi-k2.6,5,8192,1365,cold,True,cold,live
8,warm,"A pie can be either warm or cold. You are given a pie, and you feel that it is not not not not not not not not warm. Is it warm or cold? Answer with exactly one word.",openai/gpt-5.5-pro,1,8192,89,warm,True,warm,live
8,warm,"A pie can be either warm or cold. You are given a pie, and you feel that it is not not not not not not not not warm. Is it warm or cold? Answer with exactly one word.",openai/gpt-5.5-pro,2,8192,98,warm,True,warm,live
8,warm,"A pie can be either warm or cold. You are given a pie, and you feel that it is not not not not not not not not warm. Is it warm or cold? Answer with exactly one word.",openai/gpt-5.5-pro,3,8192,100,warm,True,warm,live
8,warm,"A pie can be either warm or cold. You are given a pie, and you feel that it is not not not not not not not not warm. Is it warm or cold? Answer with exactly one word.",openai/gpt-5.5-pro,4,8192,123,warm,True,warm,live
8,warm,"A pie can be either warm or cold. You are given a pie, and you feel that it is not not not not not not not not warm. Is it warm or cold? Answer with exactly one word.",openai/gpt-5.5-pro,5,8192,78,warm,True,warm,live
8,warm,"A pie can be either warm or cold. You are given a pie, and you feel that it is not not not not not not not not warm. Is it warm or cold? Answer with exactly one word.",anthropic/claude-opus-4.7,1,8192,0,warm,True,Warm,live
8,warm,"A pie can be either warm or cold. You are given a pie, and you feel that it is not not not not not not not not warm. Is it warm or cold? Answer with exactly one word.",anthropic/claude-opus-4.7,2,8192,0,warm,True,Warm,live
8,warm,"A pie can be either warm or cold. You are given a pie, and you feel that it is not not not not not not not not warm. Is it warm or cold? Answer with exactly one word.",anthropic/claude-opus-4.7,3,8192,0,warm,True,Warm,live
8,warm,"A pie can be either warm or cold. You are given a pie, and you feel that it is not not not not not not not not warm. Is it warm or cold? Answer with exactly one word.",anthropic/claude-opus-4.7,4,8192,0,warm,True,Warm,live
8,warm,"A pie can be either warm or cold. You are given a pie, and you feel that it is not not not not not not not not warm. Is it warm or cold? Answer with exactly one word.",anthropic/claude-opus-4.7,5,8192,0,warm,True,Warm,live
8,warm,"A pie can be either warm or cold. You are given a pie, and you feel that it is not not not not not not not not warm. Is it warm or cold? Answer with exactly one word.",moonshotai/kimi-k2.6,1,8192,259,warm,True,Warm,live
8,warm,"A pie can be either warm or cold. You are given a pie, and you feel that it is not not not not not not not not warm. Is it warm or cold? Answer with exactly one word.",moonshotai/kimi-k2.6,2,8192,637,warm,True, Warm,live
8,warm,"A pie can be either warm or cold. You are given a pie, and you feel that it is not not not not not not not not warm. Is it warm or cold? Answer with exactly one word.",moonshotai/kimi-k2.6,3,8192,1282,warm,True, Warm,live
8,warm,"A pie can be either warm or cold. You are given a pie, and you feel that it is not not not not not not not not warm. Is it warm or cold? Answer with exactly one word.",moonshotai/kimi-k2.6,4,8192,470,warm,True, Warm,live
8,warm,"A pie can be either warm or cold. You are given a pie, and you feel that it is not not not not not not not not warm. Is it warm or cold? Answer with exactly one word.",moonshotai/kimi-k2.6,5,8192,437,warm,True, Warm,live
9,cold,"A pie can be either warm or cold. You are given a pie, and you feel that it is not not not not not not not not not warm. Is it warm or cold? Answer with exactly one word.",openai/gpt-5.5-pro,1,8192,136,cold,True,cold,live
9,cold,"A pie can be either warm or cold. You are given a pie, and you feel that it is not not not not not not not not not warm. Is it warm or cold? Answer with exactly one word.",openai/gpt-5.5-pro,2,8192,109,cold,True,cold,live
9,cold,"A pie can be either warm or cold. You are given a pie, and you feel that it is not not not not not not not not not warm. Is it warm or cold? Answer with exactly one word.",openai/gpt-5.5-pro,3,8192,172,cold,True,cold,live
9,cold,"A pie can be either warm or cold. You are given a pie, and you feel that it is not not not not not not not not not warm. Is it warm or cold? Answer with exactly one word.",openai/gpt-5.5-pro,4,8192,151,cold,True,cold,live
9,cold,"A pie can be either warm or cold. You are given a pie, and you feel that it is not not not not not not not not not warm. Is it warm or cold? Answer with exactly one word.",openai/gpt-5.5-pro,5,8192,115,cold,True,cold,live
9,cold,"A pie can be either warm or cold. You are given a pie, and you feel that it is not not not not not not not not not warm. Is it warm or cold? Answer with exactly one word.",anthropic/claude-opus-4.7,1,8192,0,warm,False,Warm,live
9,cold,"A pie can be either warm or cold. You are given a pie, and you feel that it is not not not not not not not not not warm. Is it warm or cold? Answer with exactly one word.",anthropic/claude-opus-4.7,2,8192,0,warm,False,Warm,live
9,cold,"A pie can be either warm or cold. You are given a pie, and you feel that it is not not not not not not not not not warm. Is it warm or cold? Answer with exactly one word.",anthropic/claude-opus-4.7,3,8192,0,warm,False,Warm,live
9,cold,"A pie can be either warm or cold. You are given a pie, and you feel that it is not not not not not not not not not warm. Is it warm or cold? Answer with exactly one word.",anthropic/claude-opus-4.7,4,8192,0,warm,False,Warm,live
9,cold,"A pie can be either warm or cold. You are given a pie, and you feel that it is not not not not not not not not not warm. Is it warm or cold? Answer with exactly one word.",anthropic/claude-opus-4.7,5,8192,0,warm,False,Warm,live
9,cold,"A pie can be either warm or cold. You are given a pie, and you feel that it is not not not not not not not not not warm. Is it warm or cold? Answer with exactly one word.",moonshotai/kimi-k2.6,1,8192,405,cold,True, cold,live
9,cold,"A pie can be either warm or cold. You are given a pie, and you feel that it is not not not not not not not not not warm. Is it warm or cold? Answer with exactly one word.",moonshotai/kimi-k2.6,2,8192,457,cold,True,cold,live
9,cold,"A pie can be either warm or cold. You are given a pie, and you feel that it is not not not not not not not not not warm. Is it warm or cold? Answer with exactly one word.",moonshotai/kimi-k2.6,3,8192,678,cold,True, Cold,live
9,cold,"A pie can be either warm or cold. You are given a pie, and you feel that it is not not not not not not not not not warm. Is it warm or cold? Answer with exactly one word.",moonshotai/kimi-k2.6,4,8192,495,cold,True, Cold,live
9,cold,"A pie can be either warm or cold. You are given a pie, and you feel that it is not not not not not not not not not warm. Is it warm or cold? Answer with exactly one word.",moonshotai/kimi-k2.6,5,8192,321,cold,True,Cold,live
10,warm,"A pie can be either warm or cold. You are given a pie, and you feel that it is not not not not not not not not not not warm. Is it warm or cold? Answer with exactly one word.",openai/gpt-5.5-pro,1,8192,125,warm,True,warm,live
10,warm,"A pie can be either warm or cold. You are given a pie, and you feel that it is not not not not not not not not not not warm. Is it warm or cold? Answer with exactly one word.",openai/gpt-5.5-pro,2,8192,117,warm,True,warm,live
10,warm,"A pie can be either warm or cold. You are given a pie, and you feel that it is not not not not not not not not not not warm. Is it warm or cold? Answer with exactly one word.",openai/gpt-5.5-pro,3,8192,116,warm,True,warm,live
10,warm,"A pie can be either warm or cold. You are given a pie, and you feel that it is not not not not not not not not not not warm. Is it warm or cold? Answer with exactly one word.",openai/gpt-5.5-pro,4,8192,117,warm,True,warm,live
10,warm,"A pie can be either warm or cold. You are given a pie, and you feel that it is not not not not not not not not not not warm. Is it warm or cold? Answer with exactly one word.",openai/gpt-5.5-pro,5,8192,118,warm,True,warm,live
10,warm,"A pie can be either warm or cold. You are given a pie, and you feel that it is not not not not not not not not not not warm. Is it warm or cold? Answer with exactly one word.",anthropic/claude-opus-4.7,1,8192,0,warm,True,Warm,live
10,warm,"A pie can be either warm or cold. You are given a pie, and you feel that it is not not not not not not not not not not warm. Is it warm or cold? Answer with exactly one word.",anthropic/claude-opus-4.7,2,8192,0,warm,True,Warm,live
10,warm,"A pie can be either warm or cold. You are given a pie, and you feel that it is not not not not not not not not not not warm. Is it warm or cold? Answer with exactly one word.",anthropic/claude-opus-4.7,3,8192,0,warm,True,Warm,live
10,warm,"A pie can be either warm or cold. You are given a pie, and you feel that it is not not not not not not not not not not warm. Is it warm or cold? Answer with exactly one word.",anthropic/claude-opus-4.7,4,8192,0,warm,True,Warm,live
10,warm,"A pie can be either warm or cold. You are given a pie, and you feel that it is not not not not not not not not not not warm. Is it warm or cold? Answer with exactly one word.",anthropic/claude-opus-4.7,5,8192,0,warm,True,Warm,live
10,warm,"A pie can be either warm or cold. You are given a pie, and you feel that it is not not not not not not not not not not warm. Is it warm or cold? Answer with exactly one word.",moonshotai/kimi-k2.6,1,8192,424,warm,True,Warm,live
10,warm,"A pie can be either warm or cold. You are given a pie, and you feel that it is not not not not not not not not not not warm. Is it warm or cold? Answer with exactly one word.",moonshotai/kimi-k2.6,2,8192,513,warm,True,Warm,live
10,warm,"A pie can be either warm or cold. You are given a pie, and you feel that it is not not not not not not not not not not warm. Is it warm or cold? Answer with exactly one word.",moonshotai/kimi-k2.6,3,8192,395,warm,True,Warm,live
10,warm,"A pie can be either warm or cold. You are given a pie, and you feel that it is not not not not not not not not not not warm. Is it warm or cold? Answer with exactly one word.",moonshotai/kimi-k2.6,4,8192,779,warm,True,Warm,live
10,warm,"A pie can be either warm or cold. You are given a pie, and you feel that it is not not not not not not not not not not warm. Is it warm or cold? Answer with exactly one word.",moonshotai/kimi-k2.6,5,8192,168,warm,True,warm,live
11,cold,"A pie can be either warm or cold. You are given a pie, and you feel that it is not not not not not not not not not not not warm. Is it warm or cold? Answer with exactly one word.",openai/gpt-5.5-pro,1,8192,235,cold,True,cold,live
11,cold,"A pie can be either warm or cold. You are given a pie, and you feel that it is not not not not not not not not not not not warm. Is it warm or cold? Answer with exactly one word.",openai/gpt-5.5-pro,2,8192,168,cold,True,cold,live
11,cold,"A pie can be either warm or cold. You are given a pie, and you feel that it is not not not not not not not not not not not warm. Is it warm or cold? Answer with exactly one word.",openai/gpt-5.5-pro,3,8192,194,cold,True,cold,live
11,cold,"A pie can be either warm or cold. You are given a pie, and you feel that it is not not not not not not not not not not not warm. Is it warm or cold? Answer with exactly one word.",openai/gpt-5.5-pro,4,8192,152,cold,True,cold,live
11,cold,"A pie can be either warm or cold. You are given a pie, and you feel that it is not not not not not not not not not not not warm. Is it warm or cold? Answer with exactly one word.",openai/gpt-5.5-pro,5,8192,306,cold,True,cold,live
11,cold,"A pie can be either warm or cold. You are given a pie, and you feel that it is not not not not not not not not not not not warm. Is it warm or cold? Answer with exactly one word.",anthropic/claude-opus-4.7,1,8192,0,cold,True,Cold,live
11,cold,"A pie can be either warm or cold. You are given a pie, and you feel that it is not not not not not not not not not not not warm. Is it warm or cold? Answer with exactly one word.",anthropic/claude-opus-4.7,2,8192,0,cold,True,Cold,live
11,cold,"A pie can be either warm or cold. You are given a pie, and you feel that it is not not not not not not not not not not not warm. Is it warm or cold? Answer with exactly one word.",anthropic/claude-opus-4.7,3,8192,0,cold,True,Cold,live
11,cold,"A pie can be either warm or cold. You are given a pie, and you feel that it is not not not not not not not not not not not warm. Is it warm or cold? Answer with exactly one word.",anthropic/claude-opus-4.7,4,8192,0,cold,True,Cold,live
11,cold,"A pie can be either warm or cold. You are given a pie, and you feel that it is not not not not not not not not not not not warm. Is it warm or cold? Answer with exactly one word.",anthropic/claude-opus-4.7,5,8192,0,cold,True,Cold,live
11,cold,"A pie can be either warm or cold. You are given a pie, and you feel that it is not not not not not not not not not not not warm. Is it warm or cold? Answer with exactly one word.",moonshotai/kimi-k2.6,1,8192,543,cold,True, Cold,live
11,cold,"A pie can be either warm or cold. You are given a pie, and you feel that it is not not not not not not not not not not not warm. Is it warm or cold? Answer with exactly one word.",moonshotai/kimi-k2.6,2,8192,570,cold,True, Cold,live
11,cold,"A pie can be either warm or cold. You are given a pie, and you feel that it is not not not not not not not not not not not warm. Is it warm or cold? Answer with exactly one word.",moonshotai/kimi-k2.6,3,8192,880,cold,True, Cold,live
11,cold,"A pie can be either warm or cold. You are given a pie, and you feel that it is not not not not not not not not not not not warm. Is it warm or cold? Answer with exactly one word.",moonshotai/kimi-k2.6,4,8192,543,cold,True, Cold,live
11,cold,"A pie can be either warm or cold. You are given a pie, and you feel that it is not not not not not not not not not not not warm. Is it warm or cold? Answer with exactly one word.",moonshotai/kimi-k2.6,5,8192,628,cold,True, Cold,live
12,warm,"A pie can be either warm or cold. You are given a pie, and you feel that it is not not not not not not not not not not not not warm. Is it warm or cold? Answer with exactly one word.",openai/gpt-5.5-pro,1,8192,166,warm,True,warm,live
12,warm,"A pie can be either warm or cold. You are given a pie, and you feel that it is not not not not not not not not not not not not warm. Is it warm or cold? Answer with exactly one word.",openai/gpt-5.5-pro,2,8192,137,warm,True,warm,live
12,warm,"A pie can be either warm or cold. You are given a pie, and you feel that it is not not not not not not not not not not not not warm. Is it warm or cold? Answer with exactly one word.",openai/gpt-5.5-pro,3,8192,166,warm,True,warm,live
12,warm,"A pie can be either warm or cold. You are given a pie, and you feel that it is not not not not not not not not not not not not warm. Is it warm or cold? Answer with exactly one word.",openai/gpt-5.5-pro,4,8192,122,warm,True,warm,live
12,warm,"A pie can be either warm or cold. You are given a pie, and you feel that it is not not not not not not not not not not not not warm. Is it warm or cold? Answer with exactly one word.",openai/gpt-5.5-pro,5,8192,125,warm,True,warm,live
12,warm,"A pie can be either warm or cold. You are given a pie, and you feel that it is not not not not not not not not not not not not warm. Is it warm or cold? Answer with exactly one word.",anthropic/claude-opus-4.7,1,8192,0,warm,True,Warm,live
12,warm,"A pie can be either warm or cold. You are given a pie, and you feel that it is not not not not not not not not not not not not warm. Is it warm or cold? Answer with exactly one word.",anthropic/claude-opus-4.7,2,8192,0,warm,True,Warm,live
12,warm,"A pie can be either warm or cold. You are given a pie, and you feel that it is not not not not not not not not not not not not warm. Is it warm or cold? Answer with exactly one word.",anthropic/claude-opus-4.7,3,8192,0,warm,True,Warm,live
12,warm,"A pie can be either warm or cold. You are given a pie, and you feel that it is not not not not not not not not not not not not warm. Is it warm or cold? Answer with exactly one word.",anthropic/claude-opus-4.7,4,8192,0,warm,True,Warm,live
12,warm,"A pie can be either warm or cold. You are given a pie, and you feel that it is not not not not not not not not not not not not warm. Is it warm or cold? Answer with exactly one word.",anthropic/claude-opus-4.7,5,8192,0,warm,True,Warm,live
12,warm,"A pie can be either warm or cold. You are given a pie, and you feel that it is not not not not not not not not not not not not warm. Is it warm or cold? Answer with exactly one word.",moonshotai/kimi-k2.6,1,8192,646,warm,True, warm,live
12,warm,"A pie can be either warm or cold. You are given a pie, and you feel that it is not not not not not not not not not not not not warm. Is it warm or cold? Answer with exactly one word.",moonshotai/kimi-k2.6,2,8192,547,warm,True, Warm,live
12,warm,"A pie can be either warm or cold. You are given a pie, and you feel that it is not not not not not not not not not not not not warm. Is it warm or cold? Answer with exactly one word.",moonshotai/kimi-k2.6,3,8192,431,warm,True, warm,live
12,warm,"A pie can be either warm or cold. You are given a pie, and you feel that it is not not not not not not not not not not not not warm. Is it warm or cold? Answer with exactly one word.",moonshotai/kimi-k2.6,4,8192,2541,warm,True, Warm,live
12,warm,"A pie can be either warm or cold. You are given a pie, and you feel that it is not not not not not not not not not not not not warm. Is it warm or cold? Answer with exactly one word.",moonshotai/kimi-k2.6,5,8192,809,warm,True, Warm,live
13,cold,"A pie can be either warm or cold. You are given a pie, and you feel that it is not not not not not not not not not not not not not warm. Is it warm or cold? Answer with exactly one word.",openai/gpt-5.5-pro,1,8192,190,cold,True,cold,live
13,cold,"A pie can be either warm or cold. You are given a pie, and you feel that it is not not not not not not not not not not not not not warm. Is it warm or cold? Answer with exactly one word.",openai/gpt-5.5-pro,2,8192,184,cold,True,cold,live
13,cold,"A pie can be either warm or cold. You are given a pie, and you feel that it is not not not not not not not not not not not not not warm. Is it warm or cold? Answer with exactly one word.",openai/gpt-5.5-pro,3,8192,179,cold,True,cold,live
13,cold,"A pie can be either warm or cold. You are given a pie, and you feel that it is not not not not not not not not not not not not not warm. Is it warm or cold? Answer with exactly one word.",openai/gpt-5.5-pro,4,8192,181,cold,True,cold,live
13,cold,"A pie can be either warm or cold. You are given a pie, and you feel that it is not not not not not not not not not not not not not warm. Is it warm or cold? Answer with exactly one word.",openai/gpt-5.5-pro,5,8192,221,cold,True,cold,live
13,cold,"A pie can be either warm or cold. You are given a pie, and you feel that it is not not not not not not not not not not not not not warm. Is it warm or cold? Answer with exactly one word.",anthropic/claude-opus-4.7,1,8192,0,cold,True,Cold,live
13,cold,"A pie can be either warm or cold. You are given a pie, and you feel that it is not not not not not not not not not not not not not warm. Is it warm or cold? Answer with exactly one word.",anthropic/claude-opus-4.7,2,8192,0,cold,True,Cold,live
13,cold,"A pie can be either warm or cold. You are given a pie, and you feel that it is not not not not not not not not not not not not not warm. Is it warm or cold? Answer with exactly one word.",anthropic/claude-opus-4.7,3,8192,0,cold,True,Cold,live
13,cold,"A pie can be either warm or cold. You are given a pie, and you feel that it is not not not not not not not not not not not not not warm. Is it warm or cold? Answer with exactly one word.",anthropic/claude-opus-4.7,4,8192,0,cold,True,Cold,live
13,cold,"A pie can be either warm or cold. You are given a pie, and you feel that it is not not not not not not not not not not not not not warm. Is it warm or cold? Answer with exactly one word.",anthropic/claude-opus-4.7,5,8192,0,cold,True,Cold,live
13,cold,"A pie can be either warm or cold. You are given a pie, and you feel that it is not not not not not not not not not not not not not warm. Is it warm or cold? Answer with exactly one word.",moonshotai/kimi-k2.6,1,8192,492,cold,True,Cold,live
13,cold,"A pie can be either warm or cold. You are given a pie, and you feel that it is not not not not not not not not not not not not not warm. Is it warm or cold? Answer with exactly one word.",moonshotai/kimi-k2.6,2,8192,614,cold,True, cold,live
13,cold,"A pie can be either warm or cold. You are given a pie, and you feel that it is not not not not not not not not not not not not not warm. Is it warm or cold? Answer with exactly one word.",moonshotai/kimi-k2.6,3,8192,427,cold,True, cold,live
13,cold,"A pie can be either warm or cold. You are given a pie, and you feel that it is not not not not not not not not not not not not not warm. Is it warm or cold? Answer with exactly one word.",moonshotai/kimi-k2.6,4,8192,431,cold,True, Cold,live
13,cold,"A pie can be either warm or cold. You are given a pie, and you feel that it is not not not not not not not not not not not not not warm. Is it warm or cold? Answer with exactly one word.",moonshotai/kimi-k2.6,5,8192,973,cold,True, Cold,live
14,warm,"A pie can be either warm or cold. You are given a pie, and you feel that it is not not not not not not not not not not not not not not warm. Is it warm or cold? Answer with exactly one word.",openai/gpt-5.5-pro,1,8192,216,warm,True,warm,live
14,warm,"A pie can be either warm or cold. You are given a pie, and you feel that it is not not not not not not not not not not not not not not warm. Is it warm or cold? Answer with exactly one word.",openai/gpt-5.5-pro,2,8192,159,warm,True,warm,live
14,warm,"A pie can be either warm or cold. You are given a pie, and you feel that it is not not not not not not not not not not not not not not warm. Is it warm or cold? Answer with exactly one word.",openai/gpt-5.5-pro,3,8192,236,warm,True,warm,live
14,warm,"A pie can be either warm or cold. You are given a pie, and you feel that it is not not not not not not not not not not not not not not warm. Is it warm or cold? Answer with exactly one word.",openai/gpt-5.5-pro,4,8192,141,warm,True,warm,live
14,warm,"A pie can be either warm or cold. You are given a pie, and you feel that it is not not not not not not not not not not not not not not warm. Is it warm or cold? Answer with exactly one word.",openai/gpt-5.5-pro,5,8192,232,warm,True,warm,live
14,warm,"A pie can be either warm or cold. You are given a pie, and you feel that it is not not not not not not not not not not not not not not warm. Is it warm or cold? Answer with exactly one word.",anthropic/claude-opus-4.7,1,8192,0,warm,True,Warm,live
14,warm,"A pie can be either warm or cold. You are given a pie, and you feel that it is not not not not not not not not not not not not not not warm. Is it warm or cold? Answer with exactly one word.",anthropic/claude-opus-4.7,2,8192,0,warm,True,Warm,live
14,warm,"A pie can be either warm or cold. You are given a pie, and you feel that it is not not not not not not not not not not not not not not warm. Is it warm or cold? Answer with exactly one word.",anthropic/claude-opus-4.7,3,8192,0,warm,True,Warm,live
14,warm,"A pie can be either warm or cold. You are given a pie, and you feel that it is not not not not not not not not not not not not not not warm. Is it warm or cold? Answer with exactly one word.",anthropic/claude-opus-4.7,4,8192,0,warm,True,Warm,live
14,warm,"A pie can be either warm or cold. You are given a pie, and you feel that it is not not not not not not not not not not not not not not warm. Is it warm or cold? Answer with exactly one word.",anthropic/claude-opus-4.7,5,8192,0,warm,True,Warm,live
14,warm,"A pie can be either warm or cold. You are given a pie, and you feel that it is not not not not not not not not not not not not not not warm. Is it warm or cold? Answer with exactly one word.",moonshotai/kimi-k2.6,1,8192,2017,warm,True, warm,live
14,warm,"A pie can be either warm or cold. You are given a pie, and you feel that it is not not not not not not not not not not not not not not warm. Is it warm or cold? Answer with exactly one word.",moonshotai/kimi-k2.6,2,8192,302,warm,True, warm,live
14,warm,"A pie can be either warm or cold. You are given a pie, and you feel that it is not not not not not not not not not not not not not not warm. Is it warm or cold? Answer with exactly one word.",moonshotai/kimi-k2.6,3,8192,458,warm,True, Warm,live
14,warm,"A pie can be either warm or cold. You are given a pie, and you feel that it is not not not not not not not not not not not not not not warm. Is it warm or cold? Answer with exactly one word.",moonshotai/kimi-k2.6,4,8192,1112,warm,True,warm,live
14,warm,"A pie can be either warm or cold. You are given a pie, and you feel that it is not not not not not not not not not not not not not not warm. Is it warm or cold? Answer with exactly one word.",moonshotai/kimi-k2.6,5,8192,458,warm,True,warm,live
15,cold,"A pie can be either warm or cold. You are given a pie, and you feel that it is not not not not not not not not not not not not not not not warm. Is it warm or cold? Answer with exactly one word.",openai/gpt-5.5-pro,1,8192,213,cold,True,cold,live
15,cold,"A pie can be either warm or cold. You are given a pie, and you feel that it is not not not not not not not not not not not not not not not warm. Is it warm or cold? Answer with exactly one word.",openai/gpt-5.5-pro,2,8192,223,cold,True,cold,live
15,cold,"A pie can be either warm or cold. You are given a pie, and you feel that it is not not not not not not not not not not not not not not not warm. Is it warm or cold? Answer with exactly one word.",openai/gpt-5.5-pro,3,8192,189,cold,True,cold,live
15,cold,"A pie can be either warm or cold. You are given a pie, and you feel that it is not not not not not not not not not not not not not not not warm. Is it warm or cold? Answer with exactly one word.",openai/gpt-5.5-pro,4,8192,203,cold,True,cold,live
15,cold,"A pie can be either warm or cold. You are given a pie, and you feel that it is not not not not not not not not not not not not not not not warm. Is it warm or cold? Answer with exactly one word.",openai/gpt-5.5-pro,5,8192,225,cold,True,cold,live
15,cold,"A pie can be either warm or cold. You are given a pie, and you feel that it is not not not not not not not not not not not not not not not warm. Is it warm or cold? Answer with exactly one word.",anthropic/claude-opus-4.7,1,8192,0,cold,True,Cold,live
15,cold,"A pie can be either warm or cold. You are given a pie, and you feel that it is not not not not not not not not not not not not not not not warm. Is it warm or cold? Answer with exactly one word.",anthropic/claude-opus-4.7,2,8192,0,cold,True,Cold,live
15,cold,"A pie can be either warm or cold. You are given a pie, and you feel that it is not not not not not not not not not not not not not not not warm. Is it warm or cold? Answer with exactly one word.",anthropic/claude-opus-4.7,3,8192,0,cold,True,Cold,live
15,cold,"A pie can be either warm or cold. You are given a pie, and you feel that it is not not not not not not not not not not not not not not not warm. Is it warm or cold? Answer with exactly one word.",anthropic/claude-opus-4.7,4,8192,0,cold,True,Cold,live
15,cold,"A pie can be either warm or cold. You are given a pie, and you feel that it is not not not not not not not not not not not not not not not warm. Is it warm or cold? Answer with exactly one word.",anthropic/claude-opus-4.7,5,8192,0,cold,True,Cold,live
15,cold,"A pie can be either warm or cold. You are given a pie, and you feel that it is not not not not not not not not not not not not not not not warm. Is it warm or cold? Answer with exactly one word.",moonshotai/kimi-k2.6,1,8192,652,cold,True, Cold,live
15,cold,"A pie can be either warm or cold. You are given a pie, and you feel that it is not not not not not not not not not not not not not not not warm. Is it warm or cold? Answer with exactly one word.",moonshotai/kimi-k2.6,2,8192,901,cold,True, cold,live
15,cold,"A pie can be either warm or cold. You are given a pie, and you feel that it is not not not not not not not not not not not not not not not warm. Is it warm or cold? Answer with exactly one word.",moonshotai/kimi-k2.6,3,8192,206,cold,True, Cold,live
15,cold,"A pie can be either warm or cold. You are given a pie, and you feel that it is not not not not not not not not not not not not not not not warm. Is it warm or cold? Answer with exactly one word.",moonshotai/kimi-k2.6,4,8192,353,cold,True, Cold,live
15,cold,"A pie can be either warm or cold. You are given a pie, and you feel that it is not not not not not not not not not not not not not not not warm. Is it warm or cold? Answer with exactly one word.",moonshotai/kimi-k2.6,5,8192,729,cold,True, Cold,live
16,warm,"A pie can be either warm or cold. You are given a pie, and you feel that it is not not not not not not not not not not not not not not not not warm. Is it warm or cold? Answer with exactly one word.",openai/gpt-5.5-pro,1,8192,179,warm,True,warm,live
16,warm,"A pie can be either warm or cold. You are given a pie, and you feel that it is not not not not not not not not not not not not not not not not warm. Is it warm or cold? Answer with exactly one word.",openai/gpt-5.5-pro,2,8192,218,warm,True,warm,live
16,warm,"A pie can be either warm or cold. You are given a pie, and you feel that it is not not not not not not not not not not not not not not not not warm. Is it warm or cold? Answer with exactly one word.",openai/gpt-5.5-pro,3,8192,170,warm,True,warm,live
16,warm,"A pie can be either warm or cold. You are given a pie, and you feel that it is not not not not not not not not not not not not not not not not warm. Is it warm or cold? Answer with exactly one word.",openai/gpt-5.5-pro,4,8192,260,warm,True,warm,live
16,warm,"A pie can be either warm or cold. You are given a pie, and you feel that it is not not not not not not not not not not not not not not not not warm. Is it warm or cold? Answer with exactly one word.",openai/gpt-5.5-pro,5,8192,173,warm,True,warm,live
16,warm,"A pie can be either warm or cold. You are given a pie, and you feel that it is not not not not not not not not not not not not not not not not warm. Is it warm or cold? Answer with exactly one word.",anthropic/claude-opus-4.7,1,8192,0,warm,True,Warm,live
16,warm,"A pie can be either warm or cold. You are given a pie, and you feel that it is not not not not not not not not not not not not not not not not warm. Is it warm or cold? Answer with exactly one word.",anthropic/claude-opus-4.7,2,8192,0,warm,True,Warm,live
16,warm,"A pie can be either warm or cold. You are given a pie, and you feel that it is not not not not not not not not not not not not not not not not warm. Is it warm or cold? Answer with exactly one word.",anthropic/claude-opus-4.7,3,8192,0,warm,True,Warm,live
16,warm,"A pie can be either warm or cold. You are given a pie, and you feel that it is not not not not not not not not not not not not not not not not warm. Is it warm or cold? Answer with exactly one word.",anthropic/claude-opus-4.7,4,8192,0,warm,True,Warm,live
16,warm,"A pie can be either warm or cold. You are given a pie, and you feel that it is not not not not not not not not not not not not not not not not warm. Is it warm or cold? Answer with exactly one word.",anthropic/claude-opus-4.7,5,8192,0,warm,True,Warm,live
16,warm,"A pie can be either warm or cold. You are given a pie, and you feel that it is not not not not not not not not not not not not not not not not warm. Is it warm or cold? Answer with exactly one word.",moonshotai/kimi-k2.6,1,8192,527,warm,True,Warm,live
16,warm,"A pie can be either warm or cold. You are given a pie, and you feel that it is not not not not not not not not not not not not not not not not warm. Is it warm or cold? Answer with exactly one word.",moonshotai/kimi-k2.6,2,8192,321,warm,True,warm,live
16,warm,"A pie can be either warm or cold. You are given a pie, and you feel that it is not not not not not not not not not not not not not not not not warm. Is it warm or cold? Answer with exactly one word.",moonshotai/kimi-k2.6,3,8192,209,warm,True,Warm,live
16,warm,"A pie can be either warm or cold. You are given a pie, and you feel that it is not not not not not not not not not not not not not not not not warm. Is it warm or cold? Answer with exactly one word.",moonshotai/kimi-k2.6,4,8192,475,warm,True,Warm,live
16,warm,"A pie can be either warm or cold. You are given a pie, and you feel that it is not not not not not not not not not not not not not not not not warm. Is it warm or cold? Answer with exactly one word.",moonshotai/kimi-k2.6,5,8192,402,warm,True,Warm,live
17,cold,"A pie can be either warm or cold. You are given a pie, and you feel that it is not not not not not not not not not not not not not not not not not warm. Is it warm or cold? Answer with exactly one word.",openai/gpt-5.5-pro,1,8192,329,cold,True,cold,live
17,cold,"A pie can be either warm or cold. You are given a pie, and you feel that it is not not not not not not not not not not not not not not not not not warm. Is it warm or cold? Answer with exactly one word.",openai/gpt-5.5-pro,2,8192,323,cold,True,cold,live
17,cold,"A pie can be either warm or cold. You are given a pie, and you feel that it is not not not not not not not not not not not not not not not not not warm. Is it warm or cold? Answer with exactly one word.",openai/gpt-5.5-pro,3,8192,526,cold,True,cold,live
17,cold,"A pie can be either warm or cold. You are given a pie, and you feel that it is not not not not not not not not not not not not not not not not not warm. Is it warm or cold? Answer with exactly one word.",openai/gpt-5.5-pro,4,8192,237,cold,True,cold,live
17,cold,"A pie can be either warm or cold. You are given a pie, and you feel that it is not not not not not not not not not not not not not not not not not warm. Is it warm or cold? Answer with exactly one word.",openai/gpt-5.5-pro,5,8192,296,cold,True,cold,live
17,cold,"A pie can be either warm or cold. You are given a pie, and you feel that it is not not not not not not not not not not not not not not not not not warm. Is it warm or cold? Answer with exactly one word.",anthropic/claude-opus-4.7,1,8192,0,cold,True,Cold,live
17,cold,"A pie can be either warm or cold. You are given a pie, and you feel that it is not not not not not not not not not not not not not not not not not warm. Is it warm or cold? Answer with exactly one word.",anthropic/claude-opus-4.7,2,8192,0,cold,True,Cold,live
17,cold,"A pie can be either warm or cold. You are given a pie, and you feel that it is not not not not not not not not not not not not not not not not not warm. Is it warm or cold? Answer with exactly one word.",anthropic/claude-opus-4.7,3,8192,0,cold,True,Cold,live
17,cold,"A pie can be either warm or cold. You are given a pie, and you feel that it is not not not not not not not not not not not not not not not not not warm. Is it warm or cold? Answer with exactly one word.",anthropic/claude-opus-4.7,4,8192,0,cold,True,Cold,live
17,cold,"A pie can be either warm or cold. You are given a pie, and you feel that it is not not not not not not not not not not not not not not not not not warm. Is it warm or cold? Answer with exactly one word.",anthropic/claude-opus-4.7,5,8192,0,cold,True,Cold,live
17,cold,"A pie can be either warm or cold. You are given a pie, and you feel that it is not not not not not not not not not not not not not not not not not warm. Is it warm or cold? Answer with exactly one word.",moonshotai/kimi-k2.6,1,8192,920,cold,True,cold,live
17,cold,"A pie can be either warm or cold. You are given a pie, and you feel that it is not not not not not not not not not not not not not not not not not warm. Is it warm or cold? Answer with exactly one word.",moonshotai/kimi-k2.6,2,8192,991,cold,True,cold,live
17,cold,"A pie can be either warm or cold. You are given a pie, and you feel that it is not not not not not not not not not not not not not not not not not warm. Is it warm or cold? Answer with exactly one word.",moonshotai/kimi-k2.6,3,8192,2367,cold,True,cold,live
17,cold,"A pie can be either warm or cold. You are given a pie, and you feel that it is not not not not not not not not not not not not not not not not not warm. Is it warm or cold? Answer with exactly one word.",moonshotai/kimi-k2.6,4,8192,593,cold,True,Cold,live
17,cold,"A pie can be either warm or cold. You are given a pie, and you feel that it is not not not not not not not not not not not not not not not not not warm. Is it warm or cold? Answer with exactly one word.",moonshotai/kimi-k2.6,5,8192,1914,cold,True,Cold,live
18,warm,"A pie can be either warm or cold. You are given a pie, and you feel that it is not not not not not not not not not not not not not not not not not not warm. Is it warm or cold? Answer with exactly one word.",openai/gpt-5.5-pro,1,8192,206,warm,True,warm,live
18,warm,"A pie can be either warm or cold. You are given a pie, and you feel that it is not not not not not not not not not not not not not not not not not not warm. Is it warm or cold? Answer with exactly one word.",openai/gpt-5.5-pro,2,8192,199,warm,True,warm,live
18,warm,"A pie can be either warm or cold. You are given a pie, and you feel that it is not not not not not not not not not not not not not not not not not not warm. Is it warm or cold? Answer with exactly one word.",openai/gpt-5.5-pro,3,8192,218,warm,True,warm,live
18,warm,"A pie can be either warm or cold. You are given a pie, and you feel that it is not not not not not not not not not not not not not not not not not not warm. Is it warm or cold? Answer with exactly one word.",openai/gpt-5.5-pro,4,8192,197,warm,True,warm,live
18,warm,"A pie can be either warm or cold. You are given a pie, and you feel that it is not not not not not not not not not not not not not not not not not not warm. Is it warm or cold? Answer with exactly one word.",openai/gpt-5.5-pro,5,8192,121,warm,True,warm,live
18,warm,"A pie can be either warm or cold. You are given a pie, and you feel that it is not not not not not not not not not not not not not not not not not not warm. Is it warm or cold? Answer with exactly one word.",anthropic/claude-opus-4.7,1,8192,0,warm,True,Warm,live
18,warm,"A pie can be either warm or cold. You are given a pie, and you feel that it is not not not not not not not not not not not not not not not not not not warm. Is it warm or cold? Answer with exactly one word.",anthropic/claude-opus-4.7,2,8192,0,cold,False,Cold,live
18,warm,"A pie can be either warm or cold. You are given a pie, and you feel that it is not not not not not not not not not not not not not not not not not not warm. Is it warm or cold? Answer with exactly one word.",anthropic/claude-opus-4.7,3,8192,0,warm,True,Warm,live
18,warm,"A pie can be either warm or cold. You are given a pie, and you feel that it is not not not not not not not not not not not not not not not not not not warm. Is it warm or cold? Answer with exactly one word.",anthropic/claude-opus-4.7,4,8192,0,cold,False,Cold,live
18,warm,"A pie can be either warm or cold. You are given a pie, and you feel that it is not not not not not not not not not not not not not not not not not not warm. Is it warm or cold? Answer with exactly one word.",anthropic/claude-opus-4.7,5,8192,0,warm,True,Warm,live
18,warm,"A pie can be either warm or cold. You are given a pie, and you feel that it is not not not not not not not not not not not not not not not not not not warm. Is it warm or cold? Answer with exactly one word.",moonshotai/kimi-k2.6,1,8192,729,warm,True, Warm,live
18,warm,"A pie can be either warm or cold. You are given a pie, and you feel that it is not not not not not not not not not not not not not not not not not not warm. Is it warm or cold? Answer with exactly one word.",moonshotai/kimi-k2.6,2,8192,338,warm,True, warm,live
18,warm,"A pie can be either warm or cold. You are given a pie, and you feel that it is not not not not not not not not not not not not not not not not not not warm. Is it warm or cold? Answer with exactly one word.",moonshotai/kimi-k2.6,3,8192,184,warm,True, Warm,live
18,warm,"A pie can be either warm or cold. You are given a pie, and you feel that it is not not not not not not not not not not not not not not not not not not warm. Is it warm or cold? Answer with exactly one word.",moonshotai/kimi-k2.6,4,8192,919,warm,True, warm,live
18,warm,"A pie can be either warm or cold. You are given a pie, and you feel that it is not not not not not not not not not not not not not not not not not not warm. Is it warm or cold? Answer with exactly one word.",moonshotai/kimi-k2.6,5,8192,1083,warm,True, Warm,live
19,cold,"A pie can be either warm or cold. You are given a pie, and you feel that it is not not not not not not not not not not not not not not not not not not not warm. Is it warm or cold? Answer with exactly one word.",openai/gpt-5.5-pro,1,8192,333,cold,True,cold,live
19,cold,"A pie can be either warm or cold. You are given a pie, and you feel that it is not not not not not not not not not not not not not not not not not not not warm. Is it warm or cold? Answer with exactly one word.",openai/gpt-5.5-pro,2,8192,570,cold,True,cold,live
19,cold,"A pie can be either warm or cold. You are given a pie, and you feel that it is not not not not not not not not not not not not not not not not not not not warm. Is it warm or cold? Answer with exactly one word.",openai/gpt-5.5-pro,3,8192,460,cold,True,cold,live
19,cold,"A pie can be either warm or cold. You are given a pie, and you feel that it is not not not not not not not not not not not not not not not not not not not warm. Is it warm or cold? Answer with exactly one word.",openai/gpt-5.5-pro,4,8192,369,cold,True,cold,live
19,cold,"A pie can be either warm or cold. You are given a pie, and you feel that it is not not not not not not not not not not not not not not not not not not not warm. Is it warm or cold? Answer with exactly one word.",openai/gpt-5.5-pro,5,8192,457,cold,True,cold,live
19,cold,"A pie can be either warm or cold. You are given a pie, and you feel that it is not not not not not not not not not not not not not not not not not not not warm. Is it warm or cold? Answer with exactly one word.",anthropic/claude-opus-4.7,1,8192,0,cold,True,Cold,live
19,cold,"A pie can be either warm or cold. You are given a pie, and you feel that it is not not not not not not not not not not not not not not not not not not not warm. Is it warm or cold? Answer with exactly one word.",anthropic/claude-opus-4.7,2,8192,0,cold,True,Cold,live
19,cold,"A pie can be either warm or cold. You are given a pie, and you feel that it is not not not not not not not not not not not not not not not not not not not warm. Is it warm or cold? Answer with exactly one word.",anthropic/claude-opus-4.7,3,8192,0,cold,True,Cold,live
19,cold,"A pie can be either warm or cold. You are given a pie, and you feel that it is not not not not not not not not not not not not not not not not not not not warm. Is it warm or cold? Answer with exactly one word.",anthropic/claude-opus-4.7,4,8192,0,cold,True,Cold,live
19,cold,"A pie can be either warm or cold. You are given a pie, and you feel that it is not not not not not not not not not not not not not not not not not not not warm. Is it warm or cold? Answer with exactly one word.",anthropic/claude-opus-4.7,5,8192,0,cold,True,Cold,live
19,cold,"A pie can be either warm or cold. You are given a pie, and you feel that it is not not not not not not not not not not not not not not not not not not not warm. Is it warm or cold? Answer with exactly one word.",moonshotai/kimi-k2.6,1,8192,995,cold,True,Cold,live
19,cold,"A pie can be either warm or cold. You are given a pie, and you feel that it is not not not not not not not not not not not not not not not not not not not warm. Is it warm or cold? Answer with exactly one word.",moonshotai/kimi-k2.6,2,8192,3810,cold,True, Cold,live
19,cold,"A pie can be either warm or cold. You are given a pie, and you feel that it is not not not not not not not not not not not not not not not not not not not warm. Is it warm or cold? Answer with exactly one word.",moonshotai/kimi-k2.6,3,8192,1968,cold,True, Cold,live
19,cold,"A pie can be either warm or cold. You are given a pie, and you feel that it is not not not not not not not not not not not not not not not not not not not warm. Is it warm or cold? Answer with exactly one word.",moonshotai/kimi-k2.6,4,8192,1942,cold,True, Cold,live
19,cold,"A pie can be either warm or cold. You are given a pie, and you feel that it is not not not not not not not not not not not not not not not not not not not warm. Is it warm or cold? Answer with exactly one word.",moonshotai/kimi-k2.6,5,8192,1021,cold,True,cold,live
20,warm,"A pie can be either warm or cold. You are given a pie, and you feel that it is not not not not not not not not not not not not not not not not not not not not warm. Is it warm or cold? Answer with exactly one word.",openai/gpt-5.5-pro,1,8192,257,warm,True,warm,live
20,warm,"A pie can be either warm or cold. You are given a pie, and you feel that it is not not not not not not not not not not not not not not not not not not not not warm. Is it warm or cold? Answer with exactly one word.",openai/gpt-5.5-pro,2,8192,255,warm,True,warm,live
20,warm,"A pie can be either warm or cold. You are given a pie, and you feel that it is not not not not not not not not not not not not not not not not not not not not warm. Is it warm or cold? Answer with exactly one word.",openai/gpt-5.5-pro,3,8192,231,warm,True,warm,live
20,warm,"A pie can be either warm or cold. You are given a pie, and you feel that it is not not not not not not not not not not not not not not not not not not not not warm. Is it warm or cold? Answer with exactly one word.",openai/gpt-5.5-pro,4,8192,217,warm,True,warm,live
20,warm,"A pie can be either warm or cold. You are given a pie, and you feel that it is not not not not not not not not not not not not not not not not not not not not warm. Is it warm or cold? Answer with exactly one word.",openai/gpt-5.5-pro,5,8192,208,warm,True,warm,live
20,warm,"A pie can be either warm or cold. You are given a pie, and you feel that it is not not not not not not not not not not not not not not not not not not not not warm. Is it warm or cold? Answer with exactly one word.",anthropic/claude-opus-4.7,1,8192,0,warm,True,Warm,live
20,warm,"A pie can be either warm or cold. You are given a pie, and you feel that it is not not not not not not not not not not not not not not not not not not not not warm. Is it warm or cold? Answer with exactly one word.",anthropic/claude-opus-4.7,2,8192,0,warm,True,Warm,live
20,warm,"A pie can be either warm or cold. You are given a pie, and you feel that it is not not not not not not not not not not not not not not not not not not not not warm. Is it warm or cold? Answer with exactly one word.",anthropic/claude-opus-4.7,3,8192,0,warm,True,Warm,live
20,warm,"A pie can be either warm or cold. You are given a pie, and you feel that it is not not not not not not not not not not not not not not not not not not not not warm. Is it warm or cold? Answer with exactly one word.",anthropic/claude-opus-4.7,4,8192,0,warm,True,Warm,live
20,warm,"A pie can be either warm or cold. You are given a pie, and you feel that it is not not not not not not not not not not not not not not not not not not not not warm. Is it warm or cold? Answer with exactly one word.",anthropic/claude-opus-4.7,5,8192,0,warm,True,Warm,live
20,warm,"A pie can be either warm or cold. You are given a pie, and you feel that it is not not not not not not not not not not not not not not not not not not not not warm. Is it warm or cold? Answer with exactly one word.",moonshotai/kimi-k2.6,1,8192,2745,warm,True, warm,live
20,warm,"A pie can be either warm or cold. You are given a pie, and you feel that it is not not not not not not not not not not not not not not not not not not not not warm. Is it warm or cold? Answer with exactly one word.",moonshotai/kimi-k2.6,2,8192,513,warm,True, Warm,live
20,warm,"A pie can be either warm or cold. You are given a pie, and you feel that it is not not not not not not not not not not not not not not not not not not not not warm. Is it warm or cold? Answer with exactly one word.",moonshotai/kimi-k2.6,3,8192,858,warm,True, Warm,live
20,warm,"A pie can be either warm or cold. You are given a pie, and you feel that it is not not not not not not not not not not not not not not not not not not not not warm. Is it warm or cold? Answer with exactly one word.",moonshotai/kimi-k2.6,4,8192,1306,cold,False, cold,live
20,warm,"A pie can be either warm or cold. You are given a pie, and you feel that it is not not not not not not not not not not not not not not not not not not not not warm. Is it warm or cold? Answer with exactly one word.",moonshotai/kimi-k2.6,5,8192,984,warm,True, warm,live
