"{""max_tokens"": 8192, ""max_workers"": 4, ""measure_performance"": false, ""models"": [""openai/gpt-5.5-pro"", ""anthropic/claude-opus-4.7"", ""moonshotai/kimi-k2.6""], ""questions_csv"": ""Questions/questions_pie.csv"", ""runs_per_question"": 5, ""use_redis_cache"": true}"
NegationCount,ExpectedAnswer,Question,model,run_index,max_tokens,reasoning_tokens,answer,matches_expected,raw_response,response_source
0,warm,"A pie can be either warm or cold. You are given a pie, and you feel that it is warm. Is it warm or cold? Answer with exactly one word.",openai/gpt-5.5-pro,1,8192,96,,Inadmissible,warm,live
0,warm,"A pie can be either warm or cold. You are given a pie, and you feel that it is warm. Is it warm or cold? Answer with exactly one word.",openai/gpt-5.5-pro,2,8192,70,,Inadmissible,warm,live
0,warm,"A pie can be either warm or cold. You are given a pie, and you feel that it is warm. Is it warm or cold? Answer with exactly one word.",openai/gpt-5.5-pro,3,8192,64,,Inadmissible,warm,live
0,warm,"A pie can be either warm or cold. You are given a pie, and you feel that it is warm. Is it warm or cold? Answer with exactly one word.",openai/gpt-5.5-pro,4,8192,71,,Inadmissible,warm,live
0,warm,"A pie can be either warm or cold. You are given a pie, and you feel that it is warm. Is it warm or cold? Answer with exactly one word.",openai/gpt-5.5-pro,5,8192,84,,Inadmissible,warm,live
0,warm,"A pie can be either warm or cold. You are given a pie, and you feel that it is warm. Is it warm or cold? Answer with exactly one word.",anthropic/claude-opus-4.7,1,8192,0,,Inadmissible,Warm,live
0,warm,"A pie can be either warm or cold. You are given a pie, and you feel that it is warm. Is it warm or cold? Answer with exactly one word.",anthropic/claude-opus-4.7,2,8192,0,,Inadmissible,Warm,live
0,warm,"A pie can be either warm or cold. You are given a pie, and you feel that it is warm. Is it warm or cold? Answer with exactly one word.",anthropic/claude-opus-4.7,3,8192,0,,Inadmissible,Warm,live
0,warm,"A pie can be either warm or cold. You are given a pie, and you feel that it is warm. Is it warm or cold? Answer with exactly one word.",anthropic/claude-opus-4.7,4,8192,0,,Inadmissible,Warm,live
0,warm,"A pie can be either warm or cold. You are given a pie, and you feel that it is warm. Is it warm or cold? Answer with exactly one word.",anthropic/claude-opus-4.7,5,8192,0,,Inadmissible,Warm,live
0,warm,"A pie can be either warm or cold. You are given a pie, and you feel that it is warm. Is it warm or cold? Answer with exactly one word.",moonshotai/kimi-k2.6,1,8192,388,,Inadmissible,Warm,live
0,warm,"A pie can be either warm or cold. You are given a pie, and you feel that it is warm. Is it warm or cold? Answer with exactly one word.",moonshotai/kimi-k2.6,2,8192,223,,Inadmissible,warm,live
0,warm,"A pie can be either warm or cold. You are given a pie, and you feel that it is warm. Is it warm or cold? Answer with exactly one word.",moonshotai/kimi-k2.6,3,8192,482,,Inadmissible,Warm,live
0,warm,"A pie can be either warm or cold. You are given a pie, and you feel that it is warm. Is it warm or cold? Answer with exactly one word.",moonshotai/kimi-k2.6,4,8192,185,,Inadmissible,Warm,live
0,warm,"A pie can be either warm or cold. You are given a pie, and you feel that it is warm. Is it warm or cold? Answer with exactly one word.",moonshotai/kimi-k2.6,5,8192,281,,Inadmissible,Warm,live
1,cold,"A pie can be either warm or cold. You are given a pie, and you feel that it is not warm. Is it warm or cold? Answer with exactly one word.",openai/gpt-5.5-pro,1,8192,118,,Inadmissible,cold,live
1,cold,"A pie can be either warm or cold. You are given a pie, and you feel that it is not warm. Is it warm or cold? Answer with exactly one word.",openai/gpt-5.5-pro,2,8192,84,,Inadmissible,cold,live
1,cold,"A pie can be either warm or cold. You are given a pie, and you feel that it is not warm. Is it warm or cold? Answer with exactly one word.",openai/gpt-5.5-pro,3,8192,165,,Inadmissible,cold,live
1,cold,"A pie can be either warm or cold. You are given a pie, and you feel that it is not warm. Is it warm or cold? Answer with exactly one word.",openai/gpt-5.5-pro,4,8192,63,,Inadmissible,cold,live
1,cold,"A pie can be either warm or cold. You are given a pie, and you feel that it is not warm. Is it warm or cold? Answer with exactly one word.",openai/gpt-5.5-pro,5,8192,75,,Inadmissible,cold,live
1,cold,"A pie can be either warm or cold. You are given a pie, and you feel that it is not warm. Is it warm or cold? Answer with exactly one word.",anthropic/claude-opus-4.7,1,8192,0,,Inadmissible,Cold,live
1,cold,"A pie can be either warm or cold. You are given a pie, and you feel that it is not warm. Is it warm or cold? Answer with exactly one word.",anthropic/claude-opus-4.7,2,8192,0,,Inadmissible,Cold,live
1,cold,"A pie can be either warm or cold. You are given a pie, and you feel that it is not warm. Is it warm or cold? Answer with exactly one word.",anthropic/claude-opus-4.7,3,8192,0,,Inadmissible,Cold,live
1,cold,"A pie can be either warm or cold. You are given a pie, and you feel that it is not warm. Is it warm or cold? Answer with exactly one word.",anthropic/claude-opus-4.7,4,8192,0,,Inadmissible,Cold,live
1,cold,"A pie can be either warm or cold. You are given a pie, and you feel that it is not warm. Is it warm or cold? Answer with exactly one word.",anthropic/claude-opus-4.7,5,8192,0,,Inadmissible,Cold,live
1,cold,"A pie can be either warm or cold. You are given a pie, and you feel that it is not warm. Is it warm or cold? Answer with exactly one word.",moonshotai/kimi-k2.6,1,8192,112,,Inadmissible,Cold,live
1,cold,"A pie can be either warm or cold. You are given a pie, and you feel that it is not warm. Is it warm or cold? Answer with exactly one word.",moonshotai/kimi-k2.6,2,8192,268,,Inadmissible,Cold,live
1,cold,"A pie can be either warm or cold. You are given a pie, and you feel that it is not warm. Is it warm or cold? Answer with exactly one word.",moonshotai/kimi-k2.6,3,8192,354,,Inadmissible,Cold,live
1,cold,"A pie can be either warm or cold. You are given a pie, and you feel that it is not warm. Is it warm or cold? Answer with exactly one word.",moonshotai/kimi-k2.6,4,8192,218,,Inadmissible,Cold,live
1,cold,"A pie can be either warm or cold. You are given a pie, and you feel that it is not warm. Is it warm or cold? Answer with exactly one word.",moonshotai/kimi-k2.6,5,8192,174,,Inadmissible,Cold,live
2,warm,"A pie can be either warm or cold. You are given a pie, and you feel that it is not not warm. Is it warm or cold? Answer with exactly one word.",openai/gpt-5.5-pro,1,8192,123,,Inadmissible,warm,live
2,warm,"A pie can be either warm or cold. You are given a pie, and you feel that it is not not warm. Is it warm or cold? Answer with exactly one word.",openai/gpt-5.5-pro,2,,,,Inadmissible,Skipped after HTTP 402 Payment Required.,payment_required_skip
2,warm,"A pie can be either warm or cold. You are given a pie, and you feel that it is not not warm. Is it warm or cold? Answer with exactly one word.",openai/gpt-5.5-pro,3,,,,Inadmissible,Skipped after HTTP 402 Payment Required.,payment_required_skip
2,warm,"A pie can be either warm or cold. You are given a pie, and you feel that it is not not warm. Is it warm or cold? Answer with exactly one word.",openai/gpt-5.5-pro,4,,,,Inadmissible,Skipped after HTTP 402 Payment Required.,payment_required_skip
2,warm,"A pie can be either warm or cold. You are given a pie, and you feel that it is not not warm. Is it warm or cold? Answer with exactly one word.",openai/gpt-5.5-pro,5,,,,Inadmissible,Skipped after HTTP 402 Payment Required.,payment_required_skip
2,warm,"A pie can be either warm or cold. You are given a pie, and you feel that it is not not warm. Is it warm or cold? Answer with exactly one word.",anthropic/claude-opus-4.7,1,8192,0,,Inadmissible,Warm,live
2,warm,"A pie can be either warm or cold. You are given a pie, and you feel that it is not not warm. Is it warm or cold? Answer with exactly one word.",anthropic/claude-opus-4.7,2,8192,0,,Inadmissible,Warm,live
2,warm,"A pie can be either warm or cold. You are given a pie, and you feel that it is not not warm. Is it warm or cold? Answer with exactly one word.",anthropic/claude-opus-4.7,3,8192,0,,Inadmissible,Warm,live
2,warm,"A pie can be either warm or cold. You are given a pie, and you feel that it is not not warm. Is it warm or cold? Answer with exactly one word.",anthropic/claude-opus-4.7,4,8192,0,,Inadmissible,Warm,live
2,warm,"A pie can be either warm or cold. You are given a pie, and you feel that it is not not warm. Is it warm or cold? Answer with exactly one word.",anthropic/claude-opus-4.7,5,8192,0,,Inadmissible,Warm,live
2,warm,"A pie can be either warm or cold. You are given a pie, and you feel that it is not not warm. Is it warm or cold? Answer with exactly one word.",moonshotai/kimi-k2.6,1,8192,78,,Inadmissible, Warm,live
2,warm,"A pie can be either warm or cold. You are given a pie, and you feel that it is not not warm. Is it warm or cold? Answer with exactly one word.",moonshotai/kimi-k2.6,2,8192,635,,Inadmissible, Warm,live
2,warm,"A pie can be either warm or cold. You are given a pie, and you feel that it is not not warm. Is it warm or cold? Answer with exactly one word.",moonshotai/kimi-k2.6,3,8192,554,,Inadmissible, Warm,live
2,warm,"A pie can be either warm or cold. You are given a pie, and you feel that it is not not warm. Is it warm or cold? Answer with exactly one word.",moonshotai/kimi-k2.6,4,8192,203,,Inadmissible, Warm,live
2,warm,"A pie can be either warm or cold. You are given a pie, and you feel that it is not not warm. Is it warm or cold? Answer with exactly one word.",moonshotai/kimi-k2.6,5,8192,179,,Inadmissible, warm,live
3,cold,"A pie can be either warm or cold. You are given a pie, and you feel that it is not not not warm. Is it warm or cold? Answer with exactly one word.",openai/gpt-5.5-pro,1,,,,Inadmissible,Skipped after earlier HTTP 402 Payment Required.,payment_required_skip
3,cold,"A pie can be either warm or cold. You are given a pie, and you feel that it is not not not warm. Is it warm or cold? Answer with exactly one word.",openai/gpt-5.5-pro,2,,,,Inadmissible,Skipped after earlier HTTP 402 Payment Required.,payment_required_skip
3,cold,"A pie can be either warm or cold. You are given a pie, and you feel that it is not not not warm. Is it warm or cold? Answer with exactly one word.",openai/gpt-5.5-pro,3,,,,Inadmissible,Skipped after earlier HTTP 402 Payment Required.,payment_required_skip
3,cold,"A pie can be either warm or cold. You are given a pie, and you feel that it is not not not warm. Is it warm or cold? Answer with exactly one word.",openai/gpt-5.5-pro,4,,,,Inadmissible,Skipped after earlier HTTP 402 Payment Required.,payment_required_skip
3,cold,"A pie can be either warm or cold. You are given a pie, and you feel that it is not not not warm. Is it warm or cold? Answer with exactly one word.",openai/gpt-5.5-pro,5,,,,Inadmissible,Skipped after earlier HTTP 402 Payment Required.,payment_required_skip
3,cold,"A pie can be either warm or cold. You are given a pie, and you feel that it is not not not warm. Is it warm or cold? Answer with exactly one word.",anthropic/claude-opus-4.7,1,8192,0,,Inadmissible,Cold,live
3,cold,"A pie can be either warm or cold. You are given a pie, and you feel that it is not not not warm. Is it warm or cold? Answer with exactly one word.",anthropic/claude-opus-4.7,2,8192,0,,Inadmissible,Cold,live
3,cold,"A pie can be either warm or cold. You are given a pie, and you feel that it is not not not warm. Is it warm or cold? Answer with exactly one word.",anthropic/claude-opus-4.7,3,8192,0,,Inadmissible,Cold,live
3,cold,"A pie can be either warm or cold. You are given a pie, and you feel that it is not not not warm. Is it warm or cold? Answer with exactly one word.",anthropic/claude-opus-4.7,4,8192,0,,Inadmissible,Cold,live
3,cold,"A pie can be either warm or cold. You are given a pie, and you feel that it is not not not warm. Is it warm or cold? Answer with exactly one word.",anthropic/claude-opus-4.7,5,8192,0,,Inadmissible,Cold,live
3,cold,"A pie can be either warm or cold. You are given a pie, and you feel that it is not not not warm. Is it warm or cold? Answer with exactly one word.",moonshotai/kimi-k2.6,1,8192,290,,Inadmissible, Cold,live
3,cold,"A pie can be either warm or cold. You are given a pie, and you feel that it is not not not warm. Is it warm or cold? Answer with exactly one word.",moonshotai/kimi-k2.6,2,8192,357,,Inadmissible,Cold,live
3,cold,"A pie can be either warm or cold. You are given a pie, and you feel that it is not not not warm. Is it warm or cold? Answer with exactly one word.",moonshotai/kimi-k2.6,3,8192,317,,Inadmissible, Cold,live
3,cold,"A pie can be either warm or cold. You are given a pie, and you feel that it is not not not warm. Is it warm or cold? Answer with exactly one word.",moonshotai/kimi-k2.6,4,8192,868,,Inadmissible, Cold,live
3,cold,"A pie can be either warm or cold. You are given a pie, and you feel that it is not not not warm. Is it warm or cold? Answer with exactly one word.",moonshotai/kimi-k2.6,5,8192,253,,Inadmissible, Cold,live
4,warm,"A pie can be either warm or cold. You are given a pie, and you feel that it is not not not not warm. Is it warm or cold? Answer with exactly one word.",openai/gpt-5.5-pro,1,,,,Inadmissible,Skipped after earlier HTTP 402 Payment Required.,payment_required_skip
4,warm,"A pie can be either warm or cold. You are given a pie, and you feel that it is not not not not warm. Is it warm or cold? Answer with exactly one word.",openai/gpt-5.5-pro,2,,,,Inadmissible,Skipped after earlier HTTP 402 Payment Required.,payment_required_skip
4,warm,"A pie can be either warm or cold. You are given a pie, and you feel that it is not not not not warm. Is it warm or cold? Answer with exactly one word.",openai/gpt-5.5-pro,3,,,,Inadmissible,Skipped after earlier HTTP 402 Payment Required.,payment_required_skip
4,warm,"A pie can be either warm or cold. You are given a pie, and you feel that it is not not not not warm. Is it warm or cold? Answer with exactly one word.",openai/gpt-5.5-pro,4,,,,Inadmissible,Skipped after earlier HTTP 402 Payment Required.,payment_required_skip
4,warm,"A pie can be either warm or cold. You are given a pie, and you feel that it is not not not not warm. Is it warm or cold? Answer with exactly one word.",openai/gpt-5.5-pro,5,,,,Inadmissible,Skipped after earlier HTTP 402 Payment Required.,payment_required_skip
4,warm,"A pie can be either warm or cold. You are given a pie, and you feel that it is not not not not warm. Is it warm or cold? Answer with exactly one word.",anthropic/claude-opus-4.7,1,8192,0,,Inadmissible,Warm,live
4,warm,"A pie can be either warm or cold. You are given a pie, and you feel that it is not not not not warm. Is it warm or cold? Answer with exactly one word.",anthropic/claude-opus-4.7,2,8192,0,,Inadmissible,Warm,live
4,warm,"A pie can be either warm or cold. You are given a pie, and you feel that it is not not not not warm. Is it warm or cold? Answer with exactly one word.",anthropic/claude-opus-4.7,3,8192,0,,Inadmissible,Warm,live
4,warm,"A pie can be either warm or cold. You are given a pie, and you feel that it is not not not not warm. Is it warm or cold? Answer with exactly one word.",anthropic/claude-opus-4.7,4,8192,0,,Inadmissible,Warm,live
4,warm,"A pie can be either warm or cold. You are given a pie, and you feel that it is not not not not warm. Is it warm or cold? Answer with exactly one word.",anthropic/claude-opus-4.7,5,8192,0,,Inadmissible,Warm,live
4,warm,"A pie can be either warm or cold. You are given a pie, and you feel that it is not not not not warm. Is it warm or cold? Answer with exactly one word.",moonshotai/kimi-k2.6,1,8192,137,,Inadmissible, Warm,live
4,warm,"A pie can be either warm or cold. You are given a pie, and you feel that it is not not not not warm. Is it warm or cold? Answer with exactly one word.",moonshotai/kimi-k2.6,2,8192,195,,Inadmissible,warm,live
4,warm,"A pie can be either warm or cold. You are given a pie, and you feel that it is not not not not warm. Is it warm or cold? Answer with exactly one word.",moonshotai/kimi-k2.6,3,8192,168,,Inadmissible,warm,live
4,warm,"A pie can be either warm or cold. You are given a pie, and you feel that it is not not not not warm. Is it warm or cold? Answer with exactly one word.",moonshotai/kimi-k2.6,4,8192,248,,Inadmissible, warm,live
4,warm,"A pie can be either warm or cold. You are given a pie, and you feel that it is not not not not warm. Is it warm or cold? Answer with exactly one word.",moonshotai/kimi-k2.6,5,8192,1031,,Inadmissible, Warm,live
5,cold,"A pie can be either warm or cold. You are given a pie, and you feel that it is not not not not not warm. Is it warm or cold? Answer with exactly one word.",openai/gpt-5.5-pro,1,,,,Inadmissible,Skipped after earlier HTTP 402 Payment Required.,payment_required_skip
5,cold,"A pie can be either warm or cold. You are given a pie, and you feel that it is not not not not not warm. Is it warm or cold? Answer with exactly one word.",openai/gpt-5.5-pro,2,,,,Inadmissible,Skipped after earlier HTTP 402 Payment Required.,payment_required_skip
5,cold,"A pie can be either warm or cold. You are given a pie, and you feel that it is not not not not not warm. Is it warm or cold? Answer with exactly one word.",openai/gpt-5.5-pro,3,,,,Inadmissible,Skipped after earlier HTTP 402 Payment Required.,payment_required_skip
5,cold,"A pie can be either warm or cold. You are given a pie, and you feel that it is not not not not not warm. Is it warm or cold? Answer with exactly one word.",openai/gpt-5.5-pro,4,,,,Inadmissible,Skipped after earlier HTTP 402 Payment Required.,payment_required_skip
5,cold,"A pie can be either warm or cold. You are given a pie, and you feel that it is not not not not not warm. Is it warm or cold? Answer with exactly one word.",openai/gpt-5.5-pro,5,,,,Inadmissible,Skipped after earlier HTTP 402 Payment Required.,payment_required_skip
5,cold,"A pie can be either warm or cold. You are given a pie, and you feel that it is not not not not not warm. Is it warm or cold? Answer with exactly one word.",anthropic/claude-opus-4.7,1,8192,0,,Inadmissible,Warm,live
5,cold,"A pie can be either warm or cold. You are given a pie, and you feel that it is not not not not not warm. Is it warm or cold? Answer with exactly one word.",anthropic/claude-opus-4.7,2,8192,0,,Inadmissible,Warm,live
5,cold,"A pie can be either warm or cold. You are given a pie, and you feel that it is not not not not not warm. Is it warm or cold? Answer with exactly one word.",anthropic/claude-opus-4.7,3,8192,0,,Inadmissible,Warm,live
5,cold,"A pie can be either warm or cold. You are given a pie, and you feel that it is not not not not not warm. Is it warm or cold? Answer with exactly one word.",anthropic/claude-opus-4.7,4,8192,0,,Inadmissible,Warm,live
5,cold,"A pie can be either warm or cold. You are given a pie, and you feel that it is not not not not not warm. Is it warm or cold? Answer with exactly one word.",anthropic/claude-opus-4.7,5,8192,0,,Inadmissible,Warm,live
5,cold,"A pie can be either warm or cold. You are given a pie, and you feel that it is not not not not not warm. Is it warm or cold? Answer with exactly one word.",moonshotai/kimi-k2.6,1,8192,831,,Inadmissible, Cold,live
5,cold,"A pie can be either warm or cold. You are given a pie, and you feel that it is not not not not not warm. Is it warm or cold? Answer with exactly one word.",moonshotai/kimi-k2.6,2,8192,827,,Inadmissible, Cold,live
5,cold,"A pie can be either warm or cold. You are given a pie, and you feel that it is not not not not not warm. Is it warm or cold? Answer with exactly one word.",moonshotai/kimi-k2.6,3,8192,485,,Inadmissible,Cold,live
5,cold,"A pie can be either warm or cold. You are given a pie, and you feel that it is not not not not not warm. Is it warm or cold? Answer with exactly one word.",moonshotai/kimi-k2.6,4,8192,383,,Inadmissible,Cold,live
5,cold,"A pie can be either warm or cold. You are given a pie, and you feel that it is not not not not not warm. Is it warm or cold? Answer with exactly one word.",moonshotai/kimi-k2.6,5,8192,550,,Inadmissible, Cold,live
6,warm,"A pie can be either warm or cold. You are given a pie, and you feel that it is not not not not not not warm. Is it warm or cold? Answer with exactly one word.",openai/gpt-5.5-pro,1,,,,Inadmissible,Skipped after earlier HTTP 402 Payment Required.,payment_required_skip
6,warm,"A pie can be either warm or cold. You are given a pie, and you feel that it is not not not not not not warm. Is it warm or cold? Answer with exactly one word.",openai/gpt-5.5-pro,2,,,,Inadmissible,Skipped after earlier HTTP 402 Payment Required.,payment_required_skip
6,warm,"A pie can be either warm or cold. You are given a pie, and you feel that it is not not not not not not warm. Is it warm or cold? Answer with exactly one word.",openai/gpt-5.5-pro,3,,,,Inadmissible,Skipped after earlier HTTP 402 Payment Required.,payment_required_skip
6,warm,"A pie can be either warm or cold. You are given a pie, and you feel that it is not not not not not not warm. Is it warm or cold? Answer with exactly one word.",openai/gpt-5.5-pro,4,,,,Inadmissible,Skipped after earlier HTTP 402 Payment Required.,payment_required_skip
6,warm,"A pie can be either warm or cold. You are given a pie, and you feel that it is not not not not not not warm. Is it warm or cold? Answer with exactly one word.",openai/gpt-5.5-pro,5,,,,Inadmissible,Skipped after earlier HTTP 402 Payment Required.,payment_required_skip
6,warm,"A pie can be either warm or cold. You are given a pie, and you feel that it is not not not not not not warm. Is it warm or cold? Answer with exactly one word.",anthropic/claude-opus-4.7,1,8192,0,,Inadmissible,Warm,live
6,warm,"A pie can be either warm or cold. You are given a pie, and you feel that it is not not not not not not warm. Is it warm or cold? Answer with exactly one word.",anthropic/claude-opus-4.7,2,8192,0,,Inadmissible,Warm,live
6,warm,"A pie can be either warm or cold. You are given a pie, and you feel that it is not not not not not not warm. Is it warm or cold? Answer with exactly one word.",anthropic/claude-opus-4.7,3,8192,0,,Inadmissible,Warm,live
6,warm,"A pie can be either warm or cold. You are given a pie, and you feel that it is not not not not not not warm. Is it warm or cold? Answer with exactly one word.",anthropic/claude-opus-4.7,4,8192,0,,Inadmissible,Warm,live
6,warm,"A pie can be either warm or cold. You are given a pie, and you feel that it is not not not not not not warm. Is it warm or cold? Answer with exactly one word.",anthropic/claude-opus-4.7,5,8192,0,,Inadmissible,Warm,live
6,warm,"A pie can be either warm or cold. You are given a pie, and you feel that it is not not not not not not warm. Is it warm or cold? Answer with exactly one word.",moonshotai/kimi-k2.6,1,8192,149,,Inadmissible,Warm,live
6,warm,"A pie can be either warm or cold. You are given a pie, and you feel that it is not not not not not not warm. Is it warm or cold? Answer with exactly one word.",moonshotai/kimi-k2.6,2,8192,220,,Inadmissible, warm,live
6,warm,"A pie can be either warm or cold. You are given a pie, and you feel that it is not not not not not not warm. Is it warm or cold? Answer with exactly one word.",moonshotai/kimi-k2.6,3,8192,122,,Inadmissible,Warm,live
6,warm,"A pie can be either warm or cold. You are given a pie, and you feel that it is not not not not not not warm. Is it warm or cold? Answer with exactly one word.",moonshotai/kimi-k2.6,4,8192,347,,Inadmissible,warm,live
6,warm,"A pie can be either warm or cold. You are given a pie, and you feel that it is not not not not not not warm. Is it warm or cold? Answer with exactly one word.",moonshotai/kimi-k2.6,5,8192,372,,Inadmissible,Warm,live
7,cold,"A pie can be either warm or cold. You are given a pie, and you feel that it is not not not not not not not warm. Is it warm or cold? Answer with exactly one word.",openai/gpt-5.5-pro,1,,,,Inadmissible,Skipped after earlier HTTP 402 Payment Required.,payment_required_skip
7,cold,"A pie can be either warm or cold. You are given a pie, and you feel that it is not not not not not not not warm. Is it warm or cold? Answer with exactly one word.",openai/gpt-5.5-pro,2,,,,Inadmissible,Skipped after earlier HTTP 402 Payment Required.,payment_required_skip
7,cold,"A pie can be either warm or cold. You are given a pie, and you feel that it is not not not not not not not warm. Is it warm or cold? Answer with exactly one word.",openai/gpt-5.5-pro,3,,,,Inadmissible,Skipped after earlier HTTP 402 Payment Required.,payment_required_skip
7,cold,"A pie can be either warm or cold. You are given a pie, and you feel that it is not not not not not not not warm. Is it warm or cold? Answer with exactly one word.",openai/gpt-5.5-pro,4,,,,Inadmissible,Skipped after earlier HTTP 402 Payment Required.,payment_required_skip
7,cold,"A pie can be either warm or cold. You are given a pie, and you feel that it is not not not not not not not warm. Is it warm or cold? Answer with exactly one word.",openai/gpt-5.5-pro,5,,,,Inadmissible,Skipped after earlier HTTP 402 Payment Required.,payment_required_skip
7,cold,"A pie can be either warm or cold. You are given a pie, and you feel that it is not not not not not not not warm. Is it warm or cold? Answer with exactly one word.",anthropic/claude-opus-4.7,1,8192,0,,Inadmissible,Warm,live
7,cold,"A pie can be either warm or cold. You are given a pie, and you feel that it is not not not not not not not warm. Is it warm or cold? Answer with exactly one word.",anthropic/claude-opus-4.7,2,8192,0,,Inadmissible,Warm,live
7,cold,"A pie can be either warm or cold. You are given a pie, and you feel that it is not not not not not not not warm. Is it warm or cold? Answer with exactly one word.",anthropic/claude-opus-4.7,3,8192,0,,Inadmissible,Warm,live
7,cold,"A pie can be either warm or cold. You are given a pie, and you feel that it is not not not not not not not warm. Is it warm or cold? Answer with exactly one word.",anthropic/claude-opus-4.7,4,8192,0,,Inadmissible,Warm,live
7,cold,"A pie can be either warm or cold. You are given a pie, and you feel that it is not not not not not not not warm. Is it warm or cold? Answer with exactly one word.",anthropic/claude-opus-4.7,5,8192,0,,Inadmissible,Warm,live
7,cold,"A pie can be either warm or cold. You are given a pie, and you feel that it is not not not not not not not warm. Is it warm or cold? Answer with exactly one word.",moonshotai/kimi-k2.6,1,8192,239,,Inadmissible, cold,live
7,cold,"A pie can be either warm or cold. You are given a pie, and you feel that it is not not not not not not not warm. Is it warm or cold? Answer with exactly one word.",moonshotai/kimi-k2.6,2,8192,1153,,Inadmissible,Cold,live
7,cold,"A pie can be either warm or cold. You are given a pie, and you feel that it is not not not not not not not warm. Is it warm or cold? Answer with exactly one word.",moonshotai/kimi-k2.6,3,8192,245,,Inadmissible,cold,live
7,cold,"A pie can be either warm or cold. You are given a pie, and you feel that it is not not not not not not not warm. Is it warm or cold? Answer with exactly one word.",moonshotai/kimi-k2.6,4,8192,333,,Inadmissible,cold,live
7,cold,"A pie can be either warm or cold. You are given a pie, and you feel that it is not not not not not not not warm. Is it warm or cold? Answer with exactly one word.",moonshotai/kimi-k2.6,5,8192,407,,Inadmissible,cold,live
8,warm,"A pie can be either warm or cold. You are given a pie, and you feel that it is not not not not not not not not warm. Is it warm or cold? Answer with exactly one word.",openai/gpt-5.5-pro,1,,,,Inadmissible,Skipped after earlier HTTP 402 Payment Required.,payment_required_skip
8,warm,"A pie can be either warm or cold. You are given a pie, and you feel that it is not not not not not not not not warm. Is it warm or cold? Answer with exactly one word.",openai/gpt-5.5-pro,2,,,,Inadmissible,Skipped after earlier HTTP 402 Payment Required.,payment_required_skip
8,warm,"A pie can be either warm or cold. You are given a pie, and you feel that it is not not not not not not not not warm. Is it warm or cold? Answer with exactly one word.",openai/gpt-5.5-pro,3,,,,Inadmissible,Skipped after earlier HTTP 402 Payment Required.,payment_required_skip
8,warm,"A pie can be either warm or cold. You are given a pie, and you feel that it is not not not not not not not not warm. Is it warm or cold? Answer with exactly one word.",openai/gpt-5.5-pro,4,,,,Inadmissible,Skipped after earlier HTTP 402 Payment Required.,payment_required_skip
8,warm,"A pie can be either warm or cold. You are given a pie, and you feel that it is not not not not not not not not warm. Is it warm or cold? Answer with exactly one word.",openai/gpt-5.5-pro,5,,,,Inadmissible,Skipped after earlier HTTP 402 Payment Required.,payment_required_skip
8,warm,"A pie can be either warm or cold. You are given a pie, and you feel that it is not not not not not not not not warm. Is it warm or cold? Answer with exactly one word.",anthropic/claude-opus-4.7,1,8192,0,,Inadmissible,Warm,live
8,warm,"A pie can be either warm or cold. You are given a pie, and you feel that it is not not not not not not not not warm. Is it warm or cold? Answer with exactly one word.",anthropic/claude-opus-4.7,2,8192,0,,Inadmissible,Warm,live
8,warm,"A pie can be either warm or cold. You are given a pie, and you feel that it is not not not not not not not not warm. Is it warm or cold? Answer with exactly one word.",anthropic/claude-opus-4.7,3,8192,0,,Inadmissible,Warm,live
8,warm,"A pie can be either warm or cold. You are given a pie, and you feel that it is not not not not not not not not warm. Is it warm or cold? Answer with exactly one word.",anthropic/claude-opus-4.7,4,8192,0,,Inadmissible,Warm,live
8,warm,"A pie can be either warm or cold. You are given a pie, and you feel that it is not not not not not not not not warm. Is it warm or cold? Answer with exactly one word.",anthropic/claude-opus-4.7,5,8192,0,,Inadmissible,Warm,live
8,warm,"A pie can be either warm or cold. You are given a pie, and you feel that it is not not not not not not not not warm. Is it warm or cold? Answer with exactly one word.",moonshotai/kimi-k2.6,1,8192,192,,Inadmissible, Warm,live
8,warm,"A pie can be either warm or cold. You are given a pie, and you feel that it is not not not not not not not not warm. Is it warm or cold? Answer with exactly one word.",moonshotai/kimi-k2.6,2,8192,399,,Inadmissible, Warm,live
8,warm,"A pie can be either warm or cold. You are given a pie, and you feel that it is not not not not not not not not warm. Is it warm or cold? Answer with exactly one word.",moonshotai/kimi-k2.6,3,8192,575,,Inadmissible, Warm,live
8,warm,"A pie can be either warm or cold. You are given a pie, and you feel that it is not not not not not not not not warm. Is it warm or cold? Answer with exactly one word.",moonshotai/kimi-k2.6,4,8192,777,,Inadmissible, Warm,live
8,warm,"A pie can be either warm or cold. You are given a pie, and you feel that it is not not not not not not not not warm. Is it warm or cold? Answer with exactly one word.",moonshotai/kimi-k2.6,5,8192,156,,Inadmissible, warm,live
9,cold,"A pie can be either warm or cold. You are given a pie, and you feel that it is not not not not not not not not not warm. Is it warm or cold? Answer with exactly one word.",openai/gpt-5.5-pro,1,,,,Inadmissible,Skipped after earlier HTTP 402 Payment Required.,payment_required_skip
9,cold,"A pie can be either warm or cold. You are given a pie, and you feel that it is not not not not not not not not not warm. Is it warm or cold? Answer with exactly one word.",openai/gpt-5.5-pro,2,,,,Inadmissible,Skipped after earlier HTTP 402 Payment Required.,payment_required_skip
9,cold,"A pie can be either warm or cold. You are given a pie, and you feel that it is not not not not not not not not not warm. Is it warm or cold? Answer with exactly one word.",openai/gpt-5.5-pro,3,,,,Inadmissible,Skipped after earlier HTTP 402 Payment Required.,payment_required_skip
9,cold,"A pie can be either warm or cold. You are given a pie, and you feel that it is not not not not not not not not not warm. Is it warm or cold? Answer with exactly one word.",openai/gpt-5.5-pro,4,,,,Inadmissible,Skipped after earlier HTTP 402 Payment Required.,payment_required_skip
9,cold,"A pie can be either warm or cold. You are given a pie, and you feel that it is not not not not not not not not not warm. Is it warm or cold? Answer with exactly one word.",openai/gpt-5.5-pro,5,,,,Inadmissible,Skipped after earlier HTTP 402 Payment Required.,payment_required_skip
9,cold,"A pie can be either warm or cold. You are given a pie, and you feel that it is not not not not not not not not not warm. Is it warm or cold? Answer with exactly one word.",anthropic/claude-opus-4.7,1,8192,0,,Inadmissible,Warm,live
9,cold,"A pie can be either warm or cold. You are given a pie, and you feel that it is not not not not not not not not not warm. Is it warm or cold? Answer with exactly one word.",anthropic/claude-opus-4.7,2,8192,0,,Inadmissible,Warm,live
9,cold,"A pie can be either warm or cold. You are given a pie, and you feel that it is not not not not not not not not not warm. Is it warm or cold? Answer with exactly one word.",anthropic/claude-opus-4.7,3,8192,0,,Inadmissible,Warm,live
9,cold,"A pie can be either warm or cold. You are given a pie, and you feel that it is not not not not not not not not not warm. Is it warm or cold? Answer with exactly one word.",anthropic/claude-opus-4.7,4,8192,0,,Inadmissible,Warm,live
9,cold,"A pie can be either warm or cold. You are given a pie, and you feel that it is not not not not not not not not not warm. Is it warm or cold? Answer with exactly one word.",anthropic/claude-opus-4.7,5,8192,0,,Inadmissible,Warm,live
9,cold,"A pie can be either warm or cold. You are given a pie, and you feel that it is not not not not not not not not not warm. Is it warm or cold? Answer with exactly one word.",moonshotai/kimi-k2.6,1,8192,684,,Inadmissible,cold,live
9,cold,"A pie can be either warm or cold. You are given a pie, and you feel that it is not not not not not not not not not warm. Is it warm or cold? Answer with exactly one word.",moonshotai/kimi-k2.6,2,8192,363,,Inadmissible, Cold,live
9,cold,"A pie can be either warm or cold. You are given a pie, and you feel that it is not not not not not not not not not warm. Is it warm or cold? Answer with exactly one word.",moonshotai/kimi-k2.6,3,8192,358,,Inadmissible, Cold,live
9,cold,"A pie can be either warm or cold. You are given a pie, and you feel that it is not not not not not not not not not warm. Is it warm or cold? Answer with exactly one word.",moonshotai/kimi-k2.6,4,8192,422,,Inadmissible, Cold,live
9,cold,"A pie can be either warm or cold. You are given a pie, and you feel that it is not not not not not not not not not warm. Is it warm or cold? Answer with exactly one word.",moonshotai/kimi-k2.6,5,8192,926,,Inadmissible, Cold,live
10,warm,"A pie can be either warm or cold. You are given a pie, and you feel that it is not not not not not not not not not not warm. Is it warm or cold? Answer with exactly one word.",openai/gpt-5.5-pro,1,,,,Inadmissible,Skipped after earlier HTTP 402 Payment Required.,payment_required_skip
10,warm,"A pie can be either warm or cold. You are given a pie, and you feel that it is not not not not not not not not not not warm. Is it warm or cold? Answer with exactly one word.",openai/gpt-5.5-pro,2,,,,Inadmissible,Skipped after earlier HTTP 402 Payment Required.,payment_required_skip
10,warm,"A pie can be either warm or cold. You are given a pie, and you feel that it is not not not not not not not not not not warm. Is it warm or cold? Answer with exactly one word.",openai/gpt-5.5-pro,3,,,,Inadmissible,Skipped after earlier HTTP 402 Payment Required.,payment_required_skip
10,warm,"A pie can be either warm or cold. You are given a pie, and you feel that it is not not not not not not not not not not warm. Is it warm or cold? Answer with exactly one word.",openai/gpt-5.5-pro,4,,,,Inadmissible,Skipped after earlier HTTP 402 Payment Required.,payment_required_skip
10,warm,"A pie can be either warm or cold. You are given a pie, and you feel that it is not not not not not not not not not not warm. Is it warm or cold? Answer with exactly one word.",openai/gpt-5.5-pro,5,,,,Inadmissible,Skipped after earlier HTTP 402 Payment Required.,payment_required_skip
10,warm,"A pie can be either warm or cold. You are given a pie, and you feel that it is not not not not not not not not not not warm. Is it warm or cold? Answer with exactly one word.",anthropic/claude-opus-4.7,1,8192,0,,Inadmissible,Warm,live
10,warm,"A pie can be either warm or cold. You are given a pie, and you feel that it is not not not not not not not not not not warm. Is it warm or cold? Answer with exactly one word.",anthropic/claude-opus-4.7,2,8192,0,,Inadmissible,Warm,live
10,warm,"A pie can be either warm or cold. You are given a pie, and you feel that it is not not not not not not not not not not warm. Is it warm or cold? Answer with exactly one word.",anthropic/claude-opus-4.7,3,8192,0,,Inadmissible,Warm,live
10,warm,"A pie can be either warm or cold. You are given a pie, and you feel that it is not not not not not not not not not not warm. Is it warm or cold? Answer with exactly one word.",anthropic/claude-opus-4.7,4,8192,0,,Inadmissible,Warm,live
10,warm,"A pie can be either warm or cold. You are given a pie, and you feel that it is not not not not not not not not not not warm. Is it warm or cold? Answer with exactly one word.",anthropic/claude-opus-4.7,5,8192,0,,Inadmissible,Warm,live
10,warm,"A pie can be either warm or cold. You are given a pie, and you feel that it is not not not not not not not not not not warm. Is it warm or cold? Answer with exactly one word.",moonshotai/kimi-k2.6,1,8192,351,,Inadmissible,Warm,live
10,warm,"A pie can be either warm or cold. You are given a pie, and you feel that it is not not not not not not not not not not warm. Is it warm or cold? Answer with exactly one word.",moonshotai/kimi-k2.6,2,8192,1845,,Inadmissible,Warm,live
10,warm,"A pie can be either warm or cold. You are given a pie, and you feel that it is not not not not not not not not not not warm. Is it warm or cold? Answer with exactly one word.",moonshotai/kimi-k2.6,3,8192,754,,Inadmissible,Warm,live
10,warm,"A pie can be either warm or cold. You are given a pie, and you feel that it is not not not not not not not not not not warm. Is it warm or cold? Answer with exactly one word.",moonshotai/kimi-k2.6,4,8192,620,,Inadmissible,Warm,live
10,warm,"A pie can be either warm or cold. You are given a pie, and you feel that it is not not not not not not not not not not warm. Is it warm or cold? Answer with exactly one word.",moonshotai/kimi-k2.6,5,8192,221,,Inadmissible,warm,live
11,cold,"A pie can be either warm or cold. You are given a pie, and you feel that it is not not not not not not not not not not not warm. Is it warm or cold? Answer with exactly one word.",openai/gpt-5.5-pro,1,,,,Inadmissible,Skipped after earlier HTTP 402 Payment Required.,payment_required_skip
11,cold,"A pie can be either warm or cold. You are given a pie, and you feel that it is not not not not not not not not not not not warm. Is it warm or cold? Answer with exactly one word.",openai/gpt-5.5-pro,2,,,,Inadmissible,Skipped after earlier HTTP 402 Payment Required.,payment_required_skip
11,cold,"A pie can be either warm or cold. You are given a pie, and you feel that it is not not not not not not not not not not not warm. Is it warm or cold? Answer with exactly one word.",openai/gpt-5.5-pro,3,,,,Inadmissible,Skipped after earlier HTTP 402 Payment Required.,payment_required_skip
11,cold,"A pie can be either warm or cold. You are given a pie, and you feel that it is not not not not not not not not not not not warm. Is it warm or cold? Answer with exactly one word.",openai/gpt-5.5-pro,4,,,,Inadmissible,Skipped after earlier HTTP 402 Payment Required.,payment_required_skip
11,cold,"A pie can be either warm or cold. You are given a pie, and you feel that it is not not not not not not not not not not not warm. Is it warm or cold? Answer with exactly one word.",openai/gpt-5.5-pro,5,,,,Inadmissible,Skipped after earlier HTTP 402 Payment Required.,payment_required_skip
11,cold,"A pie can be either warm or cold. You are given a pie, and you feel that it is not not not not not not not not not not not warm. Is it warm or cold? Answer with exactly one word.",anthropic/claude-opus-4.7,1,8192,0,,Inadmissible,Cold,live
11,cold,"A pie can be either warm or cold. You are given a pie, and you feel that it is not not not not not not not not not not not warm. Is it warm or cold? Answer with exactly one word.",anthropic/claude-opus-4.7,2,8192,0,,Inadmissible,Cold,live
11,cold,"A pie can be either warm or cold. You are given a pie, and you feel that it is not not not not not not not not not not not warm. Is it warm or cold? Answer with exactly one word.",anthropic/claude-opus-4.7,3,8192,0,,Inadmissible,Cold,live
11,cold,"A pie can be either warm or cold. You are given a pie, and you feel that it is not not not not not not not not not not not warm. Is it warm or cold? Answer with exactly one word.",anthropic/claude-opus-4.7,4,8192,0,,Inadmissible,Cold,live
11,cold,"A pie can be either warm or cold. You are given a pie, and you feel that it is not not not not not not not not not not not warm. Is it warm or cold? Answer with exactly one word.",anthropic/claude-opus-4.7,5,8192,0,,Inadmissible,Cold,live
11,cold,"A pie can be either warm or cold. You are given a pie, and you feel that it is not not not not not not not not not not not warm. Is it warm or cold? Answer with exactly one word.",moonshotai/kimi-k2.6,1,8192,629,,Inadmissible,Cold,live
11,cold,"A pie can be either warm or cold. You are given a pie, and you feel that it is not not not not not not not not not not not warm. Is it warm or cold? Answer with exactly one word.",moonshotai/kimi-k2.6,2,8192,469,,Inadmissible,Cold,live
11,cold,"A pie can be either warm or cold. You are given a pie, and you feel that it is not not not not not not not not not not not warm. Is it warm or cold? Answer with exactly one word.",moonshotai/kimi-k2.6,3,8192,638,,Inadmissible,Cold,live
11,cold,"A pie can be either warm or cold. You are given a pie, and you feel that it is not not not not not not not not not not not warm. Is it warm or cold? Answer with exactly one word.",moonshotai/kimi-k2.6,4,8192,345,,Inadmissible,cold,live
11,cold,"A pie can be either warm or cold. You are given a pie, and you feel that it is not not not not not not not not not not not warm. Is it warm or cold? Answer with exactly one word.",moonshotai/kimi-k2.6,5,8192,745,,Inadmissible,cold,live
12,warm,"A pie can be either warm or cold. You are given a pie, and you feel that it is not not not not not not not not not not not not warm. Is it warm or cold? Answer with exactly one word.",openai/gpt-5.5-pro,1,,,,Inadmissible,Skipped after earlier HTTP 402 Payment Required.,payment_required_skip
12,warm,"A pie can be either warm or cold. You are given a pie, and you feel that it is not not not not not not not not not not not not warm. Is it warm or cold? Answer with exactly one word.",openai/gpt-5.5-pro,2,,,,Inadmissible,Skipped after earlier HTTP 402 Payment Required.,payment_required_skip
12,warm,"A pie can be either warm or cold. You are given a pie, and you feel that it is not not not not not not not not not not not not warm. Is it warm or cold? Answer with exactly one word.",openai/gpt-5.5-pro,3,,,,Inadmissible,Skipped after earlier HTTP 402 Payment Required.,payment_required_skip
12,warm,"A pie can be either warm or cold. You are given a pie, and you feel that it is not not not not not not not not not not not not warm. Is it warm or cold? Answer with exactly one word.",openai/gpt-5.5-pro,4,,,,Inadmissible,Skipped after earlier HTTP 402 Payment Required.,payment_required_skip
12,warm,"A pie can be either warm or cold. You are given a pie, and you feel that it is not not not not not not not not not not not not warm. Is it warm or cold? Answer with exactly one word.",openai/gpt-5.5-pro,5,,,,Inadmissible,Skipped after earlier HTTP 402 Payment Required.,payment_required_skip
12,warm,"A pie can be either warm or cold. You are given a pie, and you feel that it is not not not not not not not not not not not not warm. Is it warm or cold? Answer with exactly one word.",anthropic/claude-opus-4.7,1,8192,0,,Inadmissible,Warm,live
12,warm,"A pie can be either warm or cold. You are given a pie, and you feel that it is not not not not not not not not not not not not warm. Is it warm or cold? Answer with exactly one word.",anthropic/claude-opus-4.7,2,8192,0,,Inadmissible,Warm,live
12,warm,"A pie can be either warm or cold. You are given a pie, and you feel that it is not not not not not not not not not not not not warm. Is it warm or cold? Answer with exactly one word.",anthropic/claude-opus-4.7,3,8192,0,,Inadmissible,Warm,live
12,warm,"A pie can be either warm or cold. You are given a pie, and you feel that it is not not not not not not not not not not not not warm. Is it warm or cold? Answer with exactly one word.",anthropic/claude-opus-4.7,4,8192,0,,Inadmissible,Warm,live
12,warm,"A pie can be either warm or cold. You are given a pie, and you feel that it is not not not not not not not not not not not not warm. Is it warm or cold? Answer with exactly one word.",anthropic/claude-opus-4.7,5,8192,0,,Inadmissible,Warm,live
12,warm,"A pie can be either warm or cold. You are given a pie, and you feel that it is not not not not not not not not not not not not warm. Is it warm or cold? Answer with exactly one word.",moonshotai/kimi-k2.6,1,8192,910,,Inadmissible,,live
12,warm,"A pie can be either warm or cold. You are given a pie, and you feel that it is not not not not not not not not not not not not warm. Is it warm or cold? Answer with exactly one word.",moonshotai/kimi-k2.6,2,8192,424,,Inadmissible,Warm,live
12,warm,"A pie can be either warm or cold. You are given a pie, and you feel that it is not not not not not not not not not not not not warm. Is it warm or cold? Answer with exactly one word.",moonshotai/kimi-k2.6,3,8192,485,,Inadmissible,Warm,live
12,warm,"A pie can be either warm or cold. You are given a pie, and you feel that it is not not not not not not not not not not not not warm. Is it warm or cold? Answer with exactly one word.",moonshotai/kimi-k2.6,4,8192,683,,Inadmissible,Warm,live
12,warm,"A pie can be either warm or cold. You are given a pie, and you feel that it is not not not not not not not not not not not not warm. Is it warm or cold? Answer with exactly one word.",moonshotai/kimi-k2.6,5,8192,643,,Inadmissible, Warm,live
13,cold,"A pie can be either warm or cold. You are given a pie, and you feel that it is not not not not not not not not not not not not not warm. Is it warm or cold? Answer with exactly one word.",openai/gpt-5.5-pro,1,,,,Inadmissible,Skipped after earlier HTTP 402 Payment Required.,payment_required_skip
13,cold,"A pie can be either warm or cold. You are given a pie, and you feel that it is not not not not not not not not not not not not not warm. Is it warm or cold? Answer with exactly one word.",openai/gpt-5.5-pro,2,,,,Inadmissible,Skipped after earlier HTTP 402 Payment Required.,payment_required_skip
13,cold,"A pie can be either warm or cold. You are given a pie, and you feel that it is not not not not not not not not not not not not not warm. Is it warm or cold? Answer with exactly one word.",openai/gpt-5.5-pro,3,,,,Inadmissible,Skipped after earlier HTTP 402 Payment Required.,payment_required_skip
13,cold,"A pie can be either warm or cold. You are given a pie, and you feel that it is not not not not not not not not not not not not not warm. Is it warm or cold? Answer with exactly one word.",openai/gpt-5.5-pro,4,,,,Inadmissible,Skipped after earlier HTTP 402 Payment Required.,payment_required_skip
13,cold,"A pie can be either warm or cold. You are given a pie, and you feel that it is not not not not not not not not not not not not not warm. Is it warm or cold? Answer with exactly one word.",openai/gpt-5.5-pro,5,,,,Inadmissible,Skipped after earlier HTTP 402 Payment Required.,payment_required_skip
